SampleID,DATASET_PEPTIDES,DATASET_MICROBIOME,Sample,Site,Locality,Date,Site_Name,latitude,longitude,elevation,Habitat,Sample_Type,SVL_mm,Mass_g,Genus,Species,Morph,Sex,Sex_chr,Soak,Soak_vol,Injection,Acetylo_vol,Tissue,Sample_or_Control,quant_reading,notes,Well,Plate,Cq1,Cq2,Cq3,Bd_qPCR1,Bd_qPCR2,Bd_qPCR3,Bd_load,Bd,Peptide_Harvest,Peptide_1_2_dilut.x,Peptide_1_5_dilut.x,DATE_PEPTIDE.x,Peptide_1_2,Peptide_1_5,Peptide_1_10_dilut.x,DATE_PEPTIDE_2,PeptideQuant,SamplesToTim
POSH78,PEPTIDES,MICROBIOME,POSH78,POSH,F.Royal,8-Oct,posey hollow,38.89463,-78.14499,316,stream,Salamander,43.5,2.2,Eurycea,bislineata,NA,female,rs,yes,10,yes,NA,no,True Sample,39.8,,E05,1,NA,NA,NA,NA,NA,NA,NA,no,yes,NA,1339.01,DEC_10,NA,1178.09,636.36,JAN_27_22,1051.15,Y
POSH81,PEPTIDES,MICROBIOME,POSH81,POSH,F.Royal,8-Oct,posey hollow,38.89463,-78.14499,316,stream,Salamander,45,1.5,Eurycea,bislineata,NA,female,rs,yes,10,yes,NA,no,True Sample,16.9,,H05,1,NA,NA,NA,NA,NA,NA,NA,no,yes,131.31,90.9,DEC_10,NA,NA,NA,NA,111.11,Y
LEEP21,PEPTIDES,MICROBIOME,LEEP21,LEEP,F.Royal,7-Oct,leech pond,38.89588,-78.1504,277,pond,Salamander,42.1,2.7,Nothopthalmus,viridescens,NA,male,NA,yes,10,yes,67.5,no,True Sample,36.4,"foamy, cysts",A01,1,33.72,33.97,NA,348.43,592.47,NA,9409.01,yes,yes,759.14,572.37,DEC_10,NA,NA,NA,NA,665.76,Y
LEEP24,PEPTIDES,MICROBIOME,LEEP24,LEEP,F.Royal,7-Oct,leech pond,38.89588,-78.1504,277,pond,Salamander,49.9,4.9,Nothopthalmus,viridescens,NA,male,NA,yes,10,yes,122.5,no,True Sample,38.4,,D01,1,NA,NA,NA,NA,NA,NA,NA,no,yes,157.03,111.89,DEC_10,NA,NA,NA,NA,134.46,Y
LEEP25,PEPTIDES,MICROBIOME,LEEP25,LEEP,F.Royal,7-Oct,leech pond,38.89588,-78.1504,277,pond,Salamander,44.1,2.9,Nothopthalmus,viridescens,NA,male,NA,yes,10,yes,72.5,no,True Sample,5.04,,E02,1,NA,NA,NA,NA,NA,NA,NA,no,yes,237.2,181.58,DEC_10,NA,NA,NA,NA,209.39,Y
LEEP26,PEPTIDES,MICROBIOME,LEEP26,LEEP,F.Royal,7-Oct,leech pond,38.89588,-78.1504,277,pond,Salamander,47,3.3,Nothopthalmus,viridescens,NA,male,NA,yes,10,yes,82.5,no,True Sample,25.4,,F02,1,NA,NA,NA,NA,NA,NA,NA,no,yes,324.01,271.78,DEC_10,NA,NA,NA,NA,297.9,Y
LEEP27,PEPTIDES,MICROBIOME,LEEP27,LEEP,F.Royal,7-Oct,leech pond,38.89588,-78.1504,277,pond,Salamander,42.5,3.5,Nothopthalmus,viridescens,NA,male,NA,yes,10,yes,87.5,no,True Sample,12.1,,G02,1,NA,NA,NA,NA,NA,NA,NA,no,yes,466.55,803.31,DEC_10,NA,NA,NA,NA,634.93,Y
LEEP28,PEPTIDES,MICROBIOME,LEEP28,LEEP,F.Royal,7-Oct,leech pond,38.89588,-78.1504,277,pond,Salamander,49.4,4.1,Nothopthalmus,viridescens,NA,female,NA,yes,10,yes,102.5,no,True Sample,4.12,cysts,H02,1,NA,NA,NA,NA,NA,NA,NA,no,yes,NA,61.15,DEC_10,110.59,98.22,NA,JAN_27_22,89.99,Y
POSH61,PEPTIDES,MICROBIOME,POSH61,POSH,F.Royal,8-Oct,posey hollow,38.89463,-78.14499,316,forest,Salamander,42.8,1,Plethodon,cinereus,red,male,ss,yes,5,yes,50,no,True Sample,26.8,,B03,1,NA,NA,NA,NA,NA,NA,NA,no,yes,96.07,515.27,DEC_10,NA,NA,NA,NA,305.67,Y
POSH65,PEPTIDES,MICROBIOME,POSH65,POSH,F.Royal,8-Oct,posey hollow,38.89463,-78.14499,316,forest,Salamander,45.4,1.1,Plethodon,cinereus,lead,male,ss,yes,5,yes,NA,no,True Sample,42.6,,F03,1,NA,NA,NA,NA,NA,NA,NA,no,yes,226.22,129.95,DEC_10,NA,NA,NA,NA,178.09,Y
POSH83,PEPTIDES,MICROBIOME,POSH83,POSH,F.Royal,8-Oct,posey hollow,38.89463,-78.14499,316,stream,Salamander,46.3,2,Eurycea,bislineata,NA,female,rs,yes,10,yes,NA,no,True Sample,28.6,,B05,3,NA,NA,NA,NA,NA,NA,NA,no,yes,NA,1570.88,DEC_3,NA,2202.98,1191.76,JAN_27_22,1655.21,Y
POSH68,PEPTIDES,MICROBIOME,POSH68,POSH,F.Royal,8-Oct,posey hollow,38.89463,-78.14499,316,forest,Salamander,49.5,1.3,Plethodon,cinereus,lead,female,rs,yes,5,yes,NA,no,True Sample,2.38,,F10,2,NA,NA,NA,NA,NA,NA,NA,no,yes,281.99,218.47,DEC_3,NA,NA,NA,NA,250.23,Y
POSH70,PEPTIDES,MICROBIOME,POSH70,POSH,F.Royal,8-Oct,posey hollow,38.89463,-78.14499,316,forest,Salamander,49,1.2,Plethodon,cinereus,red,male,ss,yes,5,yes,NA,no,True Sample,34.4,,B04,3,NA,NA,NA,NA,NA,NA,NA,no,yes,NA,755.26,DEC_3,NA,1064.14,535.26,JAN_27_22,784.89,Y
POSH76,PEPTIDES,MICROBIOME,POSH76,POSH,F.Royal,8-Oct,posey hollow,38.89463,-78.14499,316,stream,Salamander,46.4,2.7,Eurycea,bislineata,NA,female,rs,yes,10,yes,NA,no,True Sample,7.54,,C05,1,39.44,39.04,NA,7.35,19.62,NA,269.62,yes,yes,423.69,406.58,JULY_1,NA,NA,NA,NA,415.14,Y
POSH80,PEPTIDES,MICROBIOME,POSH80,POSH,F.Royal,8-Oct,posey hollow,38.89463,-78.14499,316,stream,Salamander,48,2.3,Eurycea,bislineata,NA,female,rs,yes,10,yes,NA,no,True Sample,4.3,,G05,1,NA,NA,NA,NA,NA,NA,NA,no,yes,NA,1698.48,JULY_1,NA,2447.6,1524.74,JAN_27_22,1890.27,Y
LEEP30,PEPTIDES,MICROBIOME,LEEP30,LEEP,F.Royal,7-Oct,leech pond,38.89588,-78.1504,277,pond,Salamander,48.1,3.6,Nothopthalmus,viridescens,NA,male,NA,yes,10,yes,NA,no,True Sample,28.6,,B09,2,NA,NA,NA,NA,NA,NA,NA,no,yes,328.4,304.83,JULY_1,NA,NA,NA,NA,316.61,Y
POSH77,PEPTIDES,MICROBIOME,POSH77,POSH,F.Royal,8-Oct,posey hollow,38.89463,-78.14499,316,stream,Salamander,41.4,1.7,Eurycea,bislineata,NA,male,ss,yes,10,yes,NA,no,True Sample,2.08,,D05,1,39.04,NA,41.02,9.65,NA,4.74,143.89,yes,yes,387.5,356.39,JUNE_15,NA,NA,NA,NA,371.95,Y
POSH64,PEPTIDES,MICROBIOME,POSH64,POSH,F.Royal,8-Oct,posey hollow,38.89463,-78.14499,316,forest,Salamander,41.2,0.8,Plethodon,cinereus,lead,male,ss,yes,5,yes,NA,no,True Sample,42.4,,E03,1,NA,NA,NA,NA,NA,NA,NA,no,yes,630.62,696.17,JUNE_15,NA,NA,NA,NA,663.39,Y
POSH66,PEPTIDES,MICROBIOME,POSH66,POSH,F.Royal,8-Oct,posey hollow,38.89463,-78.14499,316,forest,Salamander,45.2,1.2,Plethodon,cinereus,lead,male,ss,yes,5,yes,NA,no,True Sample,7.56,,E05,2,NA,NA,NA,NA,NA,NA,NA,no,yes,58.88,52.27,JUNE_15,NA,NA,NA,NA,55.58,Y
POSH71,PEPTIDES,MICROBIOME,POSH71,POSH,F.Royal,8-Oct,posey hollow,38.89463,-78.14499,316,forest,Salamander,42.2,0.8,Plethodon,cinereus,red,female,rs,yes,5,yes,NA,no,True Sample,1.19,,C07,3,NA,NA,NA,NA,NA,NA,NA,no,yes,1106.75,1106.75,JUNE_15,NA,NA,NA,NA,1106.75,Y
POSH88,NA,MICROBIOME,POSH88,POSH,F.Royal,8-Oct,Posey Hollow,38.89463,-78.14499,316,stream,Salamander,55.2,4,Desmognathus,fuscus,NA,unknown,NA,no,NA,no,NA,no,True Sample,22.4,,D02,2,35.61,34.85,NA,785.4,423.04,NA,12084.4,yes,NA,NA,NA,NA,NA,NA,NA,NA,NA,NA
POSH89,NA,MICROBIOME,POSH89,POSH,F.Royal,8-Oct,Posey Hollow,38.89463,-78.14499,316,stream,Salamander,63.8,7.4,Desmognathus,fuscus,NA,unknown,NA,no ,NA,no,NA,no,True Sample,16.4,,E02,2,NA,NA,NA,NA,NA,NA,NA,no,NA,NA,NA,NA,NA,NA,NA,NA,NA,NA
POSH90,NA,MICROBIOME,POSH90,POSH,F.Royal,8-Oct,Posey Hollow,38.89463,-78.14499,316,stream,Salamander,52.3,3.5,Desmognathus,fuscus,NA,unknown,NA,no,NA,no,NA,no,True Sample,31.4,,B04,2,39.81,40.28,NA,44.07,11.79,NA,558.65,yes,NA,NA,NA,NA,NA,NA,NA,NA,NA,NA
POSH91,NA,MICROBIOME,POSH91,POSH,F.Royal,8-Oct,Posey Hollow,38.89463,-78.14499,316,stream,Salamander,72.4,10.7,Desmognathus,fuscus,NA,unknown,NA,no,NA,no,NA,no,True Sample,67.8,,C04,2,NA,NA,NA,NA,NA,NA,NA,no,NA,NA,NA,NA,NA,NA,NA,NA,NA,NA
POSH75,NA,MICROBIOME,POSH75,POSH,F.Royal,8-Oct,posey hollow,38.89463,-78.14499,316,stream,Salamander,47.4,2.2,Eurycea,bislineata,NA,female,rs,yes,10,yes,NA,no,True Sample,2.74,,B05,1,NA,NA,NA,NA,NA,NA,NA,no,test,NA,NA,NA,NA,NA,NA,NA,NA,NA
POSH79,NA,MICROBIOME,POSH79,POSH,F.Royal,8-Oct,posey hollow,38.89463,-78.14499,316,stream,Salamander,43.2,1.7,Eurycea,bislineata,NA,male,ss,yes,10,yes,NA,no,True Sample,11.3,injection not sure,F05,1,36.93,37.78,NA,39.92,45.88,NA,858.03,yes,NA,NA,NA,NA,NA,NA,NA,NA,NA,NA
POSH84,NA,MICROBIOME,POSH84,POSH,F.Royal,8-Oct,Posey Hollow,38.89463,-78.14499,316,stream,Salamander,34.5,0.9,Eurycea,bislineata,NA,male,NA,no,NA,no,NA,no,True Sample,34,,C05,3,37.87,39.55,NA,22.74,13.39,NA,361.38,yes,NA,NA,NA,NA,NA,NA,NA,NA,NA,NA
POSH85,NA,MICROBIOME,POSH85,POSH,F.Royal,8-Oct,Posey Hollow,38.89463,-78.14499,316,stream,Salamander,41.2,1.2,Eurycea,bislineata,NA,female,NA,no,NA,no,NA,no,True Sample,20.8,,D05,3,NA,39.32,NA,NA,15.5,NA,NA,no,NA,NA,NA,NA,NA,NA,NA,NA,NA,NA
POSH86,NA,MICROBIOME,POSH86,POSH,F.Royal,8-Oct,Posey Hollow,38.89463,-78.14499,316,stream,Salamander,43.8,2,Eurycea,bislineata,NA,male,NA,no ,NA,no,NA,no,True Sample,14.3,,A06,3,NA,NA,NA,NA,NA,NA,NA,no,NA,NA,NA,NA,NA,NA,NA,NA,NA,NA
POSH87,NA,MICROBIOME,POSH87,POSH,F.Royal,8-Oct,Posey Hollow,38.89463,-78.14499,316,stream,Salamander,36.4,1.2,Eurycea,bislineata,NA,unknown,juvenile,no ,NA,no,NA,no,True Sample,9.16,,B06,3,NA,NA,NA,NA,NA,NA,NA,no,NA,NA,NA,NA,NA,NA,NA,NA,NA,NA
LEEPP01,NA,MICROBIOME,LEEPP01,LEEP,F.Royal,7-Oct,leech pond,38.89588,-78.1504,277,pond,Environment,NA,NA,NA,pond,NA,NA,NA,NA,NA,NA,NA,NA,True Sample,43.8,,NA,NA,NA,NA,NA,NA,NA,NA,NA,NA,NA,NA,NA,NA,NA,NA,NA,NA,NA,NA
LEEPP02,NA,MICROBIOME,LEEPP02,LEEP,F.Royal,7-Oct,leech pond,38.89588,-78.1504,277,pond,Environment,NA,NA,NA,pond,NA,NA,NA,NA,NA,NA,NA,NA,True Sample,57.6,,NA,NA,NA,NA,NA,NA,NA,NA,NA,NA,NA,NA,NA,NA,NA,NA,NA,NA,NA,NA
LEEPP03,NA,MICROBIOME,LEEPP03,LEEP,F.Royal,7-Oct,leech pond,38.89588,-78.1504,277,pond,Environment,NA,NA,NA,pond,NA,NA,NA,NA,NA,NA,NA,NA,True Sample,50.6,,NA,NA,NA,NA,NA,NA,NA,NA,NA,NA,NA,NA,NA,NA,NA,NA,NA,NA,NA,NA
LEEPP04,NA,MICROBIOME,LEEPP04,LEEP,F.Royal,7-Oct,leech pond,38.89588,-78.1504,277,pond,Environment,NA,NA,NA,pond,NA,NA,NA,NA,NA,NA,NA,NA,True Sample,52.4,,NA,NA,NA,NA,NA,NA,NA,NA,NA,NA,NA,NA,NA,NA,NA,NA,NA,NA,NA,NA
LEEPP05,NA,MICROBIOME,LEEPP05,LEEP,F.Royal,7-Oct,leech pond,38.89588,-78.1504,277,pond,Environment,NA,NA,NA,pond,NA,NA,NA,NA,NA,NA,NA,NA,True Sample,37.6,,NA,NA,NA,NA,NA,NA,NA,NA,NA,NA,NA,NA,NA,NA,NA,NA,NA,NA,NA,NA
LEEPP06,NA,MICROBIOME,LEEPP06,LEEP,F.Royal,7-Oct,leech pond,38.89588,-78.1504,277,pond,Environment,NA,NA,NA,pond,NA,NA,NA,NA,NA,NA,NA,NA,True Sample,42.8,,NA,NA,NA,NA,NA,NA,NA,NA,NA,NA,NA,NA,NA,NA,NA,NA,NA,NA,NA,NA
LEEPP07,NA,MICROBIOME,LEEPP07,LEEP,F.Royal,7-Oct,leech pond,38.89588,-78.1504,277,pond,Environment,NA,NA,NA,pond,NA,NA,NA,NA,NA,NA,NA,NA,True Sample,20.4,,NA,NA,NA,NA,NA,NA,NA,NA,NA,NA,NA,NA,NA,NA,NA,NA,NA,NA,NA,NA
LEEPP08,NA,MICROBIOME,LEEPP08,LEEP,F.Royal,7-Oct,leech pond,38.89588,-78.1504,277,pond,Environment,NA,NA,NA,pond,NA,NA,NA,NA,NA,NA,NA,NA,True Sample,33.2,,NA,NA,NA,NA,NA,NA,NA,NA,NA,NA,NA,NA,NA,NA,NA,NA,NA,NA,NA,NA
LEEPP09,NA,MICROBIOME,LEEPP09,LEEP,F.Royal,7-Oct,leech pond,38.89588,-78.1504,277,pond,Environment,NA,NA,NA,pond,NA,NA,NA,NA,NA,NA,NA,NA,True Sample,1.26,,NA,NA,NA,NA,NA,NA,NA,NA,NA,NA,NA,NA,NA,NA,NA,NA,NA,NA,NA,NA
LEEPP10,NA,MICROBIOME,LEEPP10,LEEP,F.Royal,7-Oct,leech pond,38.89588,-78.1504,277,pond,Environment,NA,NA,NA,pond,NA,NA,NA,NA,NA,NA,NA,NA,True Sample,1.11,,NA,NA,NA,NA,NA,NA,NA,NA,NA,NA,NA,NA,NA,NA,NA,NA,NA,NA,NA,NA
LEEPP11,NA,MICROBIOME,LEEPP11,LEEP,F.Royal,7-Oct,leech pond,38.89588,-78.1504,277,pond,Environment,NA,NA,NA,pond,NA,NA,NA,NA,NA,NA,NA,NA,True Sample,0.34,,NA,NA,NA,NA,NA,NA,NA,NA,NA,NA,NA,NA,NA,NA,NA,NA,NA,NA,NA,NA
LEEPP12,NA,MICROBIOME,LEEPP12,LEEP,F.Royal,7-Oct,leech pond,38.89588,-78.1504,277,pond,Environment,NA,NA,NA,pond,NA,NA,NA,NA,NA,NA,NA,NA,True Sample,0.27,,NA,NA,NA,NA,NA,NA,NA,NA,NA,NA,NA,NA,NA,NA,NA,NA,NA,NA,NA,NA
POSHF01,NA,MICROBIOME,POSHF01,POSH,F.Royal,8-Oct,posey hollow,38.89463,-78.14499,316,forest,Environment,NA,NA,NA,forest,NA,NA,NA,NA,NA,NA,NA,NA,True Sample,5.5,,NA,NA,NA,NA,NA,NA,NA,NA,NA,NA,NA,NA,NA,NA,NA,NA,NA,NA,NA,NA
POSHF02,NA,MICROBIOME,POSHF02,POSH,F.Royal,8-Oct,posey hollow,38.89463,-78.14499,316,forest,Environment,NA,NA,NA,forest,NA,NA,NA,NA,NA,NA,NA,NA,True Sample,0.11,,NA,NA,NA,NA,NA,NA,NA,NA,NA,NA,NA,NA,NA,NA,NA,NA,NA,NA,NA,NA
POSHF03,NA,MICROBIOME,POSHF03,POSH,F.Royal,8-Oct,posey hollow,38.89463,-78.14499,316,forest,Environment,NA,NA,NA,forest,NA,NA,NA,NA,NA,NA,NA,NA,True Sample,4.6,,NA,NA,NA,NA,NA,NA,NA,NA,NA,NA,NA,NA,NA,NA,NA,NA,NA,NA,NA,NA
POSHF04,NA,MICROBIOME,POSHF04,POSH,F.Royal,8-Oct,posey hollow,38.89463,-78.14499,316,forest,Environment,NA,NA,NA,forest,NA,NA,NA,NA,NA,NA,NA,NA,True Sample,47.4,,NA,NA,NA,NA,NA,NA,NA,NA,NA,NA,NA,NA,NA,NA,NA,NA,NA,NA,NA,NA
POSHF05,NA,MICROBIOME,POSHF05,POSH,F.Royal,8-Oct,posey hollow,38.89463,-78.14499,316,forest,Environment,NA,NA,NA,forest,NA,NA,NA,NA,NA,NA,NA,NA,True Sample,52.2,,NA,NA,NA,NA,NA,NA,NA,NA,NA,NA,NA,NA,NA,NA,NA,NA,NA,NA,NA,NA
POSHF06,NA,MICROBIOME,POSHF06,POSH,F.Royal,8-Oct,posey hollow,38.89463,-78.14499,316,forest,Environment,NA,NA,NA,forest,NA,NA,NA,NA,NA,NA,NA,NA,True Sample,48.2,,NA,NA,NA,NA,NA,NA,NA,NA,NA,NA,NA,NA,NA,NA,NA,NA,NA,NA,NA,NA
POSHF07,NA,MICROBIOME,POSHF07,POSH,F.Royal,8-Oct,posey hollow,38.89463,-78.14499,316,forest,Environment,NA,NA,NA,forest,NA,NA,NA,NA,NA,NA,NA,NA,True Sample,49.4,,NA,NA,NA,NA,NA,NA,NA,NA,NA,NA,NA,NA,NA,NA,NA,NA,NA,NA,NA,NA
POSHF08,NA,MICROBIOME,POSHF08,POSH,F.Royal,8-Oct,posey hollow,38.89463,-78.14499,316,forest,Environment,NA,NA,NA,forest,NA,NA,NA,NA,NA,NA,NA,NA,True Sample,44.4,,NA,NA,NA,NA,NA,NA,NA,NA,NA,NA,NA,NA,NA,NA,NA,NA,NA,NA,NA,NA
POSHF09,NA,MICROBIOME,POSHF09,POSH,F.Royal,8-Oct,posey hollow,38.89463,-78.14499,316,forest,Environment,NA,NA,NA,forest,NA,NA,NA,NA,NA,NA,NA,NA,True Sample,52,,NA,NA,NA,NA,NA,NA,NA,NA,NA,NA,NA,NA,NA,NA,NA,NA,NA,NA,NA,NA
POSHF10,NA,MICROBIOME,POSHF10,POSH,F.Royal,8-Oct,posey hollow,38.89463,-78.14499,316,forest,Environment,NA,NA,NA,forest,NA,NA,NA,NA,NA,NA,NA,NA,True Sample,47.8,,NA,NA,NA,NA,NA,NA,NA,NA,NA,NA,NA,NA,NA,NA,NA,NA,NA,NA,NA,NA
POSHF11,NA,MICROBIOME,POSHF11,POSH,F.Royal,8-Oct,posey hollow,38.89463,-78.14499,316,forest,Environment,NA,NA,NA,forest,NA,NA,NA,NA,NA,NA,NA,NA,True Sample,47.8,,NA,NA,NA,NA,NA,NA,NA,NA,NA,NA,NA,NA,NA,NA,NA,NA,NA,NA,NA,NA
POSHF12,NA,MICROBIOME,POSHF12,POSH,F.Royal,8-Oct,posey hollow,38.89463,-78.14499,316,forest,Environment,NA,NA,NA,forest,NA,NA,NA,NA,NA,NA,NA,NA,True Sample,0.632,,NA,NA,NA,NA,NA,NA,NA,NA,NA,NA,NA,NA,NA,NA,NA,NA,NA,NA,NA,NA
POSHF13,NA,MICROBIOME,POSHF13,POSH,F.Royal,8-Oct,posey hollow,38.89463,-78.14499,316,forest,Environment,NA,NA,NA,forest,NA,NA,NA,NA,NA,NA,NA,NA,True Sample,52.6,,NA,NA,NA,NA,NA,NA,NA,NA,NA,NA,NA,NA,NA,NA,NA,NA,NA,NA,NA,NA
POSHF14,NA,MICROBIOME,POSHF14,POSH,F.Royal,8-Oct,posey hollow,38.89463,-78.14499,316,forest,Environment,NA,NA,NA,forest,NA,NA,NA,NA,NA,NA,NA,NA,True Sample,45.4,,NA,NA,NA,NA,NA,NA,NA,NA,NA,NA,NA,NA,NA,NA,NA,NA,NA,NA,NA,NA
POSHS01,NA,MICROBIOME,POSHS01,POSH,F.Royal,8-Oct,posey hollow,38.89463,-78.14499,316,stream,Environment,NA,NA,NA,stream,NA,NA,NA,NA,NA,NA,NA,NA,True Sample,36.2,,NA,NA,NA,NA,NA,NA,NA,NA,NA,NA,NA,NA,NA,NA,NA,NA,NA,NA,NA,NA
POSHS02,NA,MICROBIOME,POSHS02,POSH,F.Royal,8-Oct,posey hollow,38.89463,-78.14499,316,stream,Environment,NA,NA,NA,stream,NA,NA,NA,NA,NA,NA,NA,NA,True Sample,40,,NA,NA,NA,NA,NA,NA,NA,NA,NA,NA,NA,NA,NA,NA,NA,NA,NA,NA,NA,NA
POSHS03,NA,MICROBIOME,POSHS03,POSH,F.Royal,8-Oct,posey hollow,38.89463,-78.14499,316,stream,Environment,NA,NA,NA,stream,NA,NA,NA,NA,NA,NA,NA,NA,True Sample,37,,NA,NA,NA,NA,NA,NA,NA,NA,NA,NA,NA,NA,NA,NA,NA,NA,NA,NA,NA,NA
POSHS04,NA,MICROBIOME,POSHS04,POSH,F.Royal,8-Oct,posey hollow,38.89463,-78.14499,316,stream,Environment,NA,NA,NA,stream,NA,NA,NA,NA,NA,NA,NA,NA,True Sample,39.4,,NA,NA,NA,NA,NA,NA,NA,NA,NA,NA,NA,NA,NA,NA,NA,NA,NA,NA,NA,NA
POSHS05,NA,MICROBIOME,POSHS05,POSH,F.Royal,8-Oct,posey hollow,38.89463,-78.14499,316,stream,Environment,NA,NA,NA,stream,NA,NA,NA,NA,NA,NA,NA,NA,True Sample,46.2,,NA,NA,NA,NA,NA,NA,NA,NA,NA,NA,NA,NA,NA,NA,NA,NA,NA,NA,NA,NA
POSHS06,NA,MICROBIOME,POSHS06,POSH,F.Royal,8-Oct,posey hollow,38.89463,-78.14499,316,stream,Environment,NA,NA,NA,stream,NA,NA,NA,NA,NA,NA,NA,NA,True Sample,51.4,,NA,NA,NA,NA,NA,NA,NA,NA,NA,NA,NA,NA,NA,NA,NA,NA,NA,NA,NA,NA
POSHS07,NA,MICROBIOME,POSHS07,POSH,F.Royal,8-Oct,posey hollow,38.89463,-78.14499,316,stream,Environment,NA,NA,NA,stream,NA,NA,NA,NA,NA,NA,NA,NA,True Sample,35.6,,NA,NA,NA,NA,NA,NA,NA,NA,NA,NA,NA,NA,NA,NA,NA,NA,NA,NA,NA,NA
POSHS08,NA,MICROBIOME,POSHS08,POSH,F.Royal,8-Oct,posey hollow,38.89463,-78.14499,316,stream,Environment,NA,NA,NA,stream,NA,NA,NA,NA,NA,NA,NA,NA,True Sample,44,,NA,NA,NA,NA,NA,NA,NA,NA,NA,NA,NA,NA,NA,NA,NA,NA,NA,NA,NA,NA
LEEP22,NA,MICROBIOME,LEEP22,LEEP,F.Royal,7-Oct,leech pond,38.89588,-78.1504,277,pond,Salamander,49.3,4.3,Nothopthalmus,viridescens,NA,male,NA,yes,10,yes,107.5,no,True Sample,2.52,"foamy, cysts",B01,1,NA,NA,NA,NA,NA,NA,NA,no,test,NA,NA,NA,NA,NA,NA,NA,NA,NA
LEEP31,NA,MICROBIOME,LEEP31,LEEP,F.Royal,7-Oct,leech pond,38.89588,-78.1504,277,pond,Salamander,54.9,4.6,Nothopthalmus,viridescens,NA,male,NA,no,NA,no,NA,yes,True Sample,14.9,,C09,2,NA,NA,NA,NA,NA,NA,NA,no,NA,NA,NA,NA,NA,NA,NA,NA,NA,NA
LEEP32,NA,MICROBIOME,LEEP32,LEEP,F.Royal,7-Oct,leech pond,38.89588,-78.1504,277,pond,Salamander,51.7,3.8,Nothopthalmus,viridescens,NA,female,NA,no,NA,no,NA,yes,True Sample,8.28,,D09,2,NA,NA,NA,NA,NA,NA,NA,no,NA,NA,NA,NA,NA,NA,NA,NA,NA,NA
LEEP33,NA,MICROBIOME,LEEP33,LEEP,F.Royal,7-Oct,leech pond,38.89588,-78.1504,277,pond,Salamander,51.5,3.7,Nothopthalmus,viridescens,NA,male,NA,no,NA,no,NA,no,True Sample,14,,E08,2,NA,NA,NA,NA,NA,NA,NA,no,NA,NA,NA,NA,NA,NA,NA,NA,NA,NA
LEEP34,NA,MICROBIOME,LEEP34,LEEP,F.Royal,7-Oct,leech pond,38.89588,-78.1504,277,pond,Salamander,54.3,4.8,Nothopthalmus,viridescens,NA,female,NA,no,NA,no,NA,no,True Sample,41.2,,F08,2,40.52,39.07,NA,27,26.14,NA,531.34,yes,NA,NA,NA,NA,NA,NA,NA,NA,NA,NA
LEEP35,NA,MICROBIOME,LEEP35,LEEP,F.Royal,7-Oct,leech pond,38.89588,-78.1504,277,pond,Salamander,51.7,4.5,Nothopthalmus,viridescens,NA,male,NA,no,NA,no,NA,no,True Sample,17.1,,G08,2,NA,NA,NA,NA,NA,NA,NA,no,NA,NA,NA,NA,NA,NA,NA,NA,NA,NA
LEEP36,NA,MICROBIOME,LEEP36,LEEP,F.Royal,7-Oct,leech pond,38.89588,-78.1504,277,pond,Salamander,50,4.3,Nothopthalmus,viridescens,NA,male,NA,no,NA,no,NA,no,True Sample,20,,H08,2,NA,NA,NA,NA,NA,NA,NA,no,NA,NA,NA,NA,NA,NA,NA,NA,NA,NA
LEEP37,NA,MICROBIOME,LEEP37,LEEP,F.Royal,7-Oct,leech pond,38.89588,-78.1504,277,pond,Salamander,52.9,3.9,Nothopthalmus,viridescens,NA,male,NA,no,NA,no,NA,no,True Sample,17.9,,A08,2,NA,NA,NA,NA,NA,NA,NA,no,NA,NA,NA,NA,NA,NA,NA,NA,NA,NA
POSH60,NA,MICROBIOME,POSH60,POSH,F.Royal,8-Oct,posey hollow,38.89463,-78.14499,316,forest,Salamander,45.2,1.1,Plethodon,cinereus,lead,female,ss,yes,5,yes,55,no,True Sample,0.972,,A03,1,NA,NA,NA,NA,NA,NA,NA,no,test,NA,NA,NA,NA,NA,NA,NA,NA,NA
POSH63,NA,MICROBIOME,POSH63,POSH,F.Royal,8-Oct,posey hollow,38.89463,-78.14499,316,forest,Salamander,44.3,0.9,Plethodon,cinereus,lead,male,ss,yes,5,yes,NA,no,True Sample,1.57,,D03,1,NA,NA,NA,NA,NA,NA,NA,no,NA,NA,NA,NA,NA,NA,NA,NA,NA,NA
POSH67,NA,MICROBIOME,POSH67,POSH,F.Royal,8-Oct,Posey Hollow,38.89463,-78.14499,316,forest,Salamander,50,1.7,Plethodon,cinereus,lead,female,rs,no,NA,no,NA,yes,True Sample,33.8,,F05,2,NA,NA,NA,NA,NA,NA,NA,no,NA,NA,NA,NA,NA,NA,NA,NA,NA,NA
POSH69,NA,MICROBIOME,POSH69,POSH,F.Royal,8-Oct,Posey Hollow,38.89463,-78.14499,316,forest,Salamander,49.1,1.7,Plethodon,cinereus,lead,male,ss,no,NA,no,NA,yes,True Sample,10.8,,F08,3,NA,NA,NA,NA,NA,NA,NA,no,NA,NA,NA,NA,NA,NA,NA,NA,NA,NA
POSH72,NA,MICROBIOME,POSH72,POSH,F.Royal,8-Oct,Posey Hollow,38.89463,-78.14499,316,forest,Salamander,38.2,0.7,Plethodon,cinereus,lead,unknown,juvenile,no,NA,no,NA,no,True Sample,7.12,,G06,2,NA,NA,NA,NA,NA,NA,NA,no,NA,NA,NA,NA,NA,NA,NA,NA,NA,NA
POSH73,NA,MICROBIOME,POSH73,POSH,F.Royal,8-Oct,Posey Hollow,38.89463,-78.14499,316,forest,Salamander,36.5,0.7,Plethodon,cinereus,lead,unknown,juvenile,no,NA,no,NA,no,True Sample,5.4,,D01,3,NA,NA,NA,NA,NA,NA,NA,no,NA,NA,NA,NA,NA,NA,NA,NA,NA,NA
POSH74,PEPTIDES,MICROBIOME,POSH74,POSH,F.Royal,8-Oct,posey hollow,38.89463,-78.14499,316,stream,Salamander,50.6,2.4,Eurycea,bislineata,NA,female,rs,yes,10,yes,60,no,True Sample,38.2,,A05,1,39.76,39.58,NA,5.92,13.66,NA,195.87,yes,yes,79.69,36.8,NOV_23,NA,NA,NA,NA,58.24,Y
POSH82,PEPTIDES,MICROBIOME,POSH82,POSH,F.Royal,8-Oct,posey hollow,38.89463,-78.14499,316,stream,Salamander,39.6,1.1,Eurycea,bislineata,NA,male,ss,yes,5,yes,50,no,True Sample,36.6,,A05,3,NA,NA,NA,NA,NA,NA,NA,no,yes,538.08,449.96,NOV_23,NA,NA,NA,NA,494.02,Y
LEEP23,PEPTIDES,MICROBIOME,LEEP23,LEEP,F.Royal,7-Oct,leech pond,38.89588,-78.1504,277,pond,Salamander,48.3,3.8,Nothopthalmus,viridescens,NA,male,NA,yes,10,yes,95,no,True Sample,2.92,,C01,1,NA,NA,NA,NA,NA,NA,NA,no,yes,307.01,227.63,NOV_23,NA,NA,NA,NA,267.32,Y
LEEP29,PEPTIDES,MICROBIOME,LEEP29,LEEP,F.Royal,7-Oct,leech pond,38.89588,-78.1504,277,pond,Salamander,47.8,3.7,Nothopthalmus,viridescens,NA,male,NA,yes,10,yes,NA,no,True Sample,16.9,,A09,2,40.06,41.49,NA,37.01,5.32,NA,423.34,yes,yes,354.12,276.58,NOV_23,NA,NA,NA,NA,315.35,Y
POSH62,PEPTIDES,MICROBIOME,POSH62,POSH,F.Royal,8-Oct,posey hollow,38.89463,-78.14499,316,forest,Salamander,43.4,1.5,Plethodon,cinereus,red,male,ss,yes,5,yes,NA,no,True Sample,29.2,,C03,1,NA,NA,NA,NA,NA,NA,NA,no,yes,555.65,547.29,NOV_23,NA,NA,NA,NA,551.47,Y
HOQ01,PEPTIDES,MICROBIOME,HOQ01,HOQ,GWNJF,17-Oct,hone quarry,38.46883,-79.14026,602,stream,Salamander,36.1,0.7,Eurycea,bislineata,NA,male,NA,yes,5,yes,NA,no,True Sample,2.78,,E07,1,NA,NA,NA,NA,NA,NA,NA,no,NA,178,118.14,DEC_10,NA,NA,NA,NA,148.07,Y
HOQ02,PEPTIDES,MICROBIOME,HOQ02,HOQ,GWNJF,17-Oct,hone quarry,38.46883,-79.14026,602,stream,Salamander,33.5,0.8,Eurycea,bislineata,NA,female,NA,yes,5,yes,NA,no,True Sample,8.92,,F07,1,NA,NA,NA,NA,NA,NA,NA,no,yes,564.06,402.33,DEC_10,NA,NA,NA,NA,483.2,Y
FLAK02,PEPTIDES,MICROBIOME,FLAK02,FLAK,GWNJF,17-Oct,flag pole knob,38.50696,-79.19638,1286,forest,Salamander,30.3,0.7,Plethodon,cinereus,red,female,rs,yes,5,yes,NA,no,True Sample,3.16,injection not sure,C05,2,NA,NA,NA,NA,NA,NA,NA,no,yes,193.85,142.01,DEC_10,NA,NA,NA,NA,167.93,Y
TIMR01,PEPTIDES,MICROBIOME,TIMR01,TIMR,GWNJF,18-Oct,timber ridge,38.41696,-79.1451,619,forest,Salamander,30.5,0.5,Plethodon,cinereus,red,unknown,juvenile,yes,5,yes,NA,no,True Sample,8.18,,A09,1,NA,NA,NA,NA,NA,NA,NA,no,yes,47.15,0,DEC_10,87.59,92.92,NA,JAN_27_22,56.91,Y
TIMR08,PEPTIDES,MICROBIOME,TIMR08,TIMR,GWNJF,18-Oct,timber ridge,38.41696,-79.1451,619,forest,Salamander,38.6,1.3,Plethodon,cinereus,red,female,rs,yes,5,yes,NA,no,True Sample,3,foamy,H03,3,NA,NA,NA,NA,NA,NA,NA,no,yes,170.07,84.93,DEC_10,NA,NA,NA,NA,127.5,Y
HOQ09,PEPTIDES,MICROBIOME,HOQ09,HOQ,GWNJF,17-Oct,hone quarry,38.46883,-79.14026,602,stream,Salamander,37.2,1.6,Eurycea,bislineata,NA,female,NA,yes,5,no/poke,NA,yes,True Sample,10.1,,D06,2,NA,NA,NA,NA,NA,NA,NA,no,yes,341.83,218.47,DEC_3,NA,NA,NA,NA,280.15,Y
HOQ14,PEPTIDES,MICROBIOME,HOQ14,HOQ,GWNJF,17-Oct,hone quarry,38.46883,-79.14026,602,stream,Salamander,29.5,0.3,Eurycea,bislineata,NA,male,NA,yes,5,no/poke,NA,no,True Sample,4.44,,G02,2,42.16,42.03,NA,8.79,3.71,NA,125,yes,yes,242.7,166.31,DEC_3,NA,NA,NA,NA,204.51,Y
TIH05,PEPTIDES,MICROBIOME,TIH05,TIH,GWNJF,16-Oct,timber hollow ,38.55631,-79.15517,708,stream,Salamander,30.3,0.3,Eurycea,bislineata,NA,male,NA,yes,5,yes,NA,no,True Sample,9.52,,E04,1,NA,NA,NA,NA,NA,NA,NA,no,yes,175.42,105.95,DEC_3,NA,NA,NA,NA,140.68,Y
TIH09,PEPTIDES,MICROBIOME,TIH09,TIH,GWNJF,16-Oct,timber hollow ,38.55631,-79.15517,708,stream,Salamander,29.2,0.4,Eurycea,bislineata,NA,male,NA,yes,5,yes,NA,no,True Sample,1.24,,A06,2,NA,NA,NA,NA,NA,NA,NA,no,yes,71.41,NA,DEC_3,79.53,70.06,NA,JAN_27_22,73.67,Y
GAR10,PEPTIDES,MICROBIOME,GAR10,GAR,GWNJF,16-Oct,gauley ridge,38.57803,-79.02696,952,pond,Salamander,47.4,3.6,Nothopthalmus,viridescens,NA,female,NA,yes,10,yes,NA,no,True Sample,58.8,,F01,3,39.01,39.33,NA,10.18,15.42,NA,255.93,yes,yes,273.47,243.28,DEC_3,NA,NA,NA,NA,258.38,Y
GAR17,PEPTIDES,MICROBIOME,GAR17,GAR,GWNJF,16-Oct,gauley ridge,38.57803,-79.02696,952,pond,Salamander,51.4,4.3,Nothopthalmus,viridescens,NA,male,NA,yes,10,no/poke,NA,no,True Sample,68,,A10,3,40.6,40.39,NA,3.33,7.72,NA,110.59,yes,yes,233.07,190.76,DEC_3,NA,NA,NA,NA,211.92,Y
WOF07,PEPTIDES,MICROBIOME,WOF07,WOF,GWNJF,15-Oct,white oak flats,38.57708,-79.02988,1031,pond,Salamander,47.5,3.3,Nothopthalmus,viridescens,NA,male,NA,yes,10,yes,NA,no,True Sample,11.1,,C08,1,35.07,36.12,NA,140.63,139.49,NA,2801.26,yes,yes,81.22,NA,DEC_3,87.59,89.4,NA,JAN_27_22,86.07,Y
WOF09,PEPTIDES,MICROBIOME,WOF09,WOF,GWNJF,15-Oct,white oak flats,38.57708,-79.02988,1031,pond,Salamander,49.6,4.5,Nothopthalmus,viridescens,NA,female,NA,yes,10,yes,NA,no,True Sample,46,,F07,2,33.41,32.19,NA,3551.47,2441.27,NA,59927.48,yes,yes,423.85,366.71,DEC_3,NA,NA,NA,NA,395.28,Y
FLAK06,PEPTIDES,MICROBIOME,FLAK06,FLAK,GWNJF,17-Oct,flag pole knob,38.50696,-79.19638,1286,forest,Salamander,33.2,0.6,Plethodon,cinereus,lead,female,rs,yes,5,yes,NA,no,True Sample,3.24,30.3 tail length,G10,2,NA,NA,NA,NA,NA,NA,NA,no,yes,327.05,227.79,DEC_3,NA,NA,NA,NA,277.42,Y
HOQBAG01,PEPTIDES,NA,HOQBAG01,control,GWNJF,17-Oct,hone quarry,38.46883,-79.14026,602,NA,NA,NA,NA,NA,NA,NA,NA,NA,NA,NA,control,NA,NA,Control Sample,1.34,swabbed bag,NA,NA,NA,NA,NA,NA,NA,NA,NA,NA,NA,36.58,9.29,JULY_1,NA,NA,NA,NA,22.94,N
GAR18,PEPTIDES,MICROBIOME,GAR18,GAR,GWNJF,16-Oct,gauley ridge,38.57803,-79.02696,952,pond,Salamander,46.7,3.4,Nothopthalmus,viridescens,NA,male,NA,yes,10,no/poke,NA,no,True Sample,31.8,,B10,3,38.66,40.2,NA,13.03,8.76,NA,217.91,yes,yes,49.2,37.34,JULY_1,NA,NA,NA,NA,43.27,Y
GAR19,PEPTIDES,MICROBIOME,GAR19,GAR,GWNJF,16-Oct,gauley ridge,38.57803,-79.02696,952,pond,Salamander,55.7,5,Nothopthalmus,viridescens,NA,male,NA,yes,10,no/poke,NA,no,True Sample,56.8,,C10,3,32.87,32.67,NA,761.62,1181.53,NA,19431.52,yes,yes,341.3,300.51,JULY_1,NA,NA,NA,NA,320.9,Y
WOF10,PEPTIDES,MICROBIOME,WOF10,WOF,GWNJF,15-Oct,white oak flats,38.57708,-79.02988,1031,pond,Salamander,46.9,3.7,Nothopthalmus,viridescens,NA,female,NA,yes,10,yes,NA,no,True Sample,60,,H05,2,36.79,36.06,NA,350.83,190.58,NA,5414.02,yes,yes,270.95,256.87,JULY_1,NA,NA,NA,NA,263.91,Y
FLAK03,PEPTIDES,MICROBIOME,FLAK03,FLAK,GWNJF,17-Oct,flag pole knob,38.50696,-79.19638,1286,forest,Salamander,33.4,0.6,Plethodon,cinereus,red,female,rs,yes,5,yes,NA,no,True Sample,33.8,,D05,2,NA,NA,NA,NA,NA,NA,NA,no,yes,355.19,301.97,JULY_1,NA,NA,NA,NA,328.58,Y
TIMR10,PEPTIDES,MICROBIOME,TIMR10,TIMR,GWNJF,18-Oct,timber ridge,38.41696,-79.1451,619,forest,Salamander,37.9,0.8,Plethodon,cinereus,red,male,ss,yes,5,yes,NA,no,True Sample,34,,H08,3,NA,NA,NA,NA,NA,NA,NA,no,yes,27.34,13.29,JULY_1,NA,NA,NA,NA,20.32,Y
GARBAG01,PEPTIDES,NA,GARBAG01,control,GWNJF,16-Oct,gauley ridge,38.57803,-79.02696,952,NA,NA,NA,NA,NA,NA,NA,NA,NA,NA,NA,control,NA,NA,Control Sample,0.292,"control bag, rinse glove",NA,NA,NA,NA,NA,NA,NA,NA,NA,NA,NA,19.33,9.09,JUNE_15,NA,NA,NA,NA,14.21,N
TIH01,PEPTIDES,MICROBIOME,TIH01,TIH,GWNJF,16-Oct,timber hollow ,38.55631,-79.15517,708,stream,Salamander,31.4,0.5,Eurycea,bislineata,NA,male,NA,yes,5,yes,NA,no,True Sample,21.6,,A04,1,NA,NA,NA,NA,NA,NA,NA,no,yes,190.06,213.03,JUNE_15,NA,NA,NA,NA,201.54,Y
TIH04,PEPTIDES,MICROBIOME,TIH04,TIH,GWNJF,16-Oct,timber hollow ,38.55631,-79.15517,708,stream,Salamander,29.3,0.5,Eurycea,bislineata,NA,male,NA,yes,5,yes,NA,no,True Sample,32.4,,D04,1,NA,NA,NA,NA,NA,NA,NA,no,yes,112.46,94.75,JUNE_15,NA,NA,NA,NA,103.6,Y
GAR11,PEPTIDES,MICROBIOME,GAR11,GAR,GWNJF,16-Oct,gauley ridge,38.57803,-79.02696,952,pond,Salamander,50.3,4.7,Nothopthalmus,viridescens,NA,female,NA,yes,10,no/poke,NA,no,True Sample,16.5,gravid,A01,3,41.24,NA,39.85,2.14,NA,10.29,124.29,yes,yes,35.21,19.5,JUNE_15,NA,NA,NA,NA,27.36,Y
GAR12,PEPTIDES,MICROBIOME,GAR12,GAR,GWNJF,16-Oct,gauley ridge,38.57803,-79.02696,952,pond,Salamander,47.5,4,Nothopthalmus,viridescens,NA,male,NA,no,10,no/poke,NA,yes,True Sample,23,30 sec poke tail ,A03,3,NA,39.4,40.07,NA,14.74,8.9,236.35,yes,yes,169.63,424.07,JUNE_15,NA,NA,NA,NA,296.85,Y
GAR20,PEPTIDES,MICROBIOME,GAR20,GAR,GWNJF,16-Oct,gauley ridge,38.57803,-79.02696,952,pond,Salamander,47.5,3.8,Nothopthalmus,viridescens,NA,male,NA,yes,10,no/poke,NA,no,True Sample,89,spilled 2 ml,D10,3,36.96,37.15,NA,42.95,63.58,NA,1065.31,yes,yes,52.92,132.3,JUNE_15,NA,NA,NA,NA,92.61,Y
GAR21,PEPTIDES,MICROBIOME,GAR21,GAR,GWNJF,16-Oct,gauley ridge,38.57803,-79.02696,952,pond,Salamander,50,5.1,Nothopthalmus,viridescens,NA,male,NA,yes,10,no/poke,NA,no,True Sample,71,spilled 2 ml,E10,3,37.16,36.74,NA,37.5,83.19,NA,1206.88,yes,yes,199.19,497.97,JUNE_15,NA,NA,NA,NA,348.58,Y
FLAK04,PEPTIDES,MICROBIOME,FLAK04,FLAK,GWNJF,17-Oct,flag pole knob,38.50696,-79.19638,1286,forest,Salamander,31.6,0.5,Plethodon,cinereus,red,female,rs,yes,5,yes,NA,no,True Sample,6.46,,D10,2,NA,NA,NA,NA,NA,NA,NA,no,yes,274.03,225.53,JUNE_15,NA,NA,NA,NA,249.78,Y
WOF01,NA,MICROBIOME,WOF01,WOF,GWNJF,15-Oct,white oak flats,38.57708,-79.02988,1031,pond,Salamander,29.2,0.9,Ambystoma,Ambystoma sp.,NA,unknown,meta,no,NA,no,NA,no,True Sample,85,,A07,1,NA,NA,NA,NA,NA,NA,NA,no,NA,NA,NA,NA,NA,NA,NA,NA,NA,NA
WOF02,NA,MICROBIOME,WOF02,WOF,GWNJF,15-Oct,white oak flats,38.57708,-79.02988,1031,pond,Salamander,30,1.1,Ambystoma,Ambystoma sp.,NA,unknown,meta,no,NA,no,NA,no,True Sample,86.4,,B07,1,NA,NA,NA,NA,NA,NA,NA,no,NA,NA,NA,NA,NA,NA,NA,NA,NA,NA
WOF03,NA,MICROBIOME,WOF03,WOF,GWNJF,15-Oct,white oak flats,38.57708,-79.02988,1031,pond,Salamander,29.8,1,Ambystoma,Ambystoma sp.,NA,unknown,meta,no,NA,no,NA,no,True Sample,92.2,,C07,1,NA,NA,NA,NA,NA,NA,NA,no,NA,NA,NA,NA,NA,NA,NA,NA,NA,NA
WOF04,NA,MICROBIOME,WOF04,WOF,GWNJF,15-Oct,white oak flats,38.57708,-79.02988,1031,pond,Salamander,31,0.9,Ambystoma,Ambystoma sp.,NA,unknown,meta,no,NA,no,NA,no,True Sample,1.48,,D07,1,NA,NA,NA,NA,NA,NA,NA,no,NA,NA,NA,NA,NA,NA,NA,NA,NA,NA
WOF05,NA,MICROBIOME,WOF05,WOF,GWNJF,15-Oct,white oak flats,38.57708,-79.02988,1031,pond,Salamander,30.8,1.2,Ambystoma,Ambystoma sp.,NA,unknown,meta,no,NA,no,NA,no,True Sample,79.4,,A08,1,NA,NA,NA,NA,NA,NA,NA,no,NA,NA,NA,NA,NA,NA,NA,NA,NA,NA
HOQ03,NA,MICROBIOME,HOQ03,HOQ,GWNJF,17-Oct,hone quarry,38.46883,-79.14026,602,stream,Salamander,32.6,0.5,Eurycea,bislineata,NA,male,NA,yes,5,yes,NA,no,True Sample,1.06,,G07,1,NA,NA,NA,NA,NA,NA,NA,no,yes,NA,NA,NA,NA,NA,NA,NA,NA,NA
HOQ04,NA,MICROBIOME,HOQ04,HOQ,GWNJF,17-Oct,hone quarry,38.46883,-79.14026,602,stream,Salamander,36.4,1.2,Eurycea,bislineata,NA,female,NA,yes,5,yes,NA,no,True Sample,0.568,,H07,1,NA,NA,NA,NA,NA,NA,NA,no,NA,NA,NA,NA,NA,NA,NA,NA,NA,NA
HOQ05,NA,MICROBIOME,HOQ05,HOQ,GWNJF,17-Oct,hone quarry,38.46883,-79.14026,602,stream,Salamander,36.7,2.7,Eurycea,bislineata,NA,male,NA,yes,5,no/poke,NA,yes,True Sample,0.934,tail massage,E08,1,NA,NA,NA,NA,NA,NA,NA,no,NA,NA,NA,NA,NA,NA,NA,NA,NA,NA
HOQ07,NA,MICROBIOME,HOQ07,HOQ,GWNJF,17-Oct,hone quarry,38.46883,-79.14026,602,stream,Salamander,36.8,0.9,Eurycea,bislineata,NA,female,NA,yes,5,yes,NA,no,True Sample,3.46,missing tail,G08,1,NA,NA,NA,NA,NA,NA,NA,no,NA,NA,NA,NA,NA,NA,NA,NA,NA,NA
HOQ08,NA,MICROBIOME,HOQ08,HOQ,GWNJF,17-Oct,hone quarry,38.46883,-79.14026,602,stream,Salamander,31.4,0.8,Eurycea,bislineata,NA,male,NA,yes,5,yes,NA,no,True Sample,0.898,tail massage,H08,1,NA,NA,NA,NA,NA,NA,NA,no,NA,NA,NA,NA,NA,NA,NA,NA,NA,NA
HOQ10,NA,MICROBIOME,HOQ10,HOQ,GWNJF,17-Oct,hone quarry,38.46883,-79.14026,602,stream,Salamander,28.8,0.9,Eurycea,bislineata,NA,female,NA,yes,5,no/poke,NA,no,True Sample,4.72,,E06,2,NA,NA,NA,NA,NA,NA,NA,no,NA,NA,NA,NA,NA,NA,NA,NA,NA,NA
HOQ11,NA,MICROBIOME,HOQ11,HOQ,GWNJF,17-Oct,hone quarry,38.46883,-79.14026,602,stream,Salamander,36.8,1.2,Eurycea,bislineata,NA,male,NA,yes,5,no/poke,NA,no,True Sample,17.9,drop end of tail,C04,3,NA,NA,NA,NA,NA,NA,NA,no,NA,NA,NA,NA,NA,NA,NA,NA,NA,NA
HOQ12,NA,MICROBIOME,HOQ12,HOQ,GWNJF,17-Oct,hone quarry,38.46883,-79.14026,602,stream,Salamander,39.2,1.5,Eurycea,bislineata,NA,male,NA,yes,5,no/poke,NA,no,True Sample,15.1,,D04,3,NA,NA,NA,NA,NA,NA,NA,no,NA,NA,NA,NA,NA,NA,NA,NA,NA,NA
HOQ13,NA,MICROBIOME,HOQ13,HOQ,GWNJF,17-Oct,hone quarry,38.46883,-79.14026,602,stream,Salamander,36.7,0.5,Eurycea,bislineata,NA,male,NA,yes,5,no/poke,NA,no,True Sample,4.4,,F02,2,37.65,36.54,NA,194.35,138.25,NA,3326.05,yes,NA,NA,NA,NA,NA,NA,NA,NA,NA,NA
TIH02,NA,MICROBIOME,TIH02,TIH,GWNJF,16-Oct,timber hollow ,38.55631,-79.15517,708,stream,Salamander,39.3,1.1,Eurycea,bislineata,NA,female,NA,yes,5,yes,NA,no,True Sample,1.38,,B04,1,NA,NA,NA,NA,NA,NA,NA,no,NA,NA,NA,NA,NA,NA,NA,NA,NA,NA
TIH03,NA,MICROBIOME,TIH03,TIH,GWNJF,16-Oct,timber hollow ,38.55631,-79.15517,708,stream,Salamander,32.2,0.7,Eurycea,bislineata,NA,male,NA,yes,5,yes,NA,no,True Sample,37.2,,C04,1,NA,NA,NA,NA,NA,NA,NA,no,NA,NA,NA,NA,NA,NA,NA,NA,NA,NA
TIH06,NA,MICROBIOME,TIH06,TIH,GWNJF,16-Oct,timber hollow ,38.55631,-79.15517,708,stream,Salamander,28.2,0.5,Eurycea,bislineata,NA,male,NA,yes,5,yes,NA,no,True Sample,6.14,,F04,1,NA,NA,NA,NA,NA,NA,NA,no,NA,NA,NA,NA,NA,NA,NA,NA,NA,NA
TIH07,NA,MICROBIOME,TIH07,TIH,GWNJF,16-Oct,timber hollow ,38.55631,-79.15517,708,stream,Salamander,37.8,0.8,Eurycea,bislineata,NA,female,NA,yes,5,yes,NA,no,True Sample,0.164,,G04,1,NA,NA,NA,NA,NA,NA,NA,no,NA,NA,NA,NA,NA,NA,NA,NA,NA,NA
TIH08,NA,MICROBIOME,TIH08,TIH,GWNJF,16-Oct,timber hollow ,38.55631,-79.15517,708,stream,Salamander,37.2,1.1,Eurycea,bislineata,NA,male,NA,yes,5,yes,NA,no,True Sample,0.462,foamy,H04,1,NA,NA,NA,NA,NA,NA,NA,no,NA,NA,NA,NA,NA,NA,NA,NA,NA,NA
TIH10,NA,MICROBIOME,TIH10,TIH,GWNJF,16-Oct,timber hollow ,38.55631,-79.15517,708,stream,Salamander,80.5,7.3,Gyrinophilus,porphyriticus ,NA,unknown,NA,no,NA,no,NA,no,True Sample,12.3,,F09,2,37.13,37.22,NA,277.16,88.76,NA,3659.16,yes,NA,NA,NA,NA,NA,NA,NA,NA,NA,NA
TIH11,NA,MICROBIOME,TIH11,TIH,GWNJF,16-Oct,timber hollow ,38.55631,-79.15517,708,stream,Salamander,75,8.8,Gyrinophilus,porphyriticus ,NA,male,NA,no,NA,no,NA,no,True Sample,5.1,,G09,2,NA,NA,NA,NA,NA,NA,NA,no,NA,NA,NA,NA,NA,NA,NA,NA,NA,NA
FLAKF01,NA,MICROBIOME,FLAKF01,FLAK,GWNJF,17-Oct,flag pole knob,38.50696,-79.19638,1286,forest,Environment,NA,NA,NA,forest,NA,NA,NA,NA,NA,NA,NA,NA,True Sample,77,,NA,NA,NA,NA,NA,NA,NA,NA,NA,NA,NA,NA,NA,NA,NA,NA,NA,NA,NA,NA
FLAKF02,NA,MICROBIOME,FLAKF02,FLAK,GWNJF,17-Oct,flag pole knob,38.50696,-79.19638,1286,forest,Environment,NA,NA,NA,forest,NA,NA,NA,NA,NA,NA,NA,NA,True Sample,67.4,,NA,NA,NA,NA,NA,NA,NA,NA,NA,NA,NA,NA,NA,NA,NA,NA,NA,NA,NA,NA
FLAKF03,NA,MICROBIOME,FLAKF03,FLAK,GWNJF,17-Oct,flag pole knob,38.50696,-79.19638,1286,forest,Environment,NA,NA,NA,forest,NA,NA,NA,NA,NA,NA,NA,NA,True Sample,57.6,,NA,NA,NA,NA,NA,NA,NA,NA,NA,NA,NA,NA,NA,NA,NA,NA,NA,NA,NA,NA
FLAKF04,NA,MICROBIOME,FLAKF04,FLAK,GWNJF,17-Oct,flag pole knob,38.50696,-79.19638,1286,forest,Environment,NA,NA,NA,forest,NA,NA,NA,NA,NA,NA,NA,NA,True Sample,70.8,,NA,NA,NA,NA,NA,NA,NA,NA,NA,NA,NA,NA,NA,NA,NA,NA,NA,NA,NA,NA
FLAKF05,NA,MICROBIOME,FLAKF05,FLAK,GWNJF,17-Oct,flag pole knob,38.50696,-79.19638,1286,forest,Environment,NA,NA,NA,forest,NA,NA,NA,NA,NA,NA,NA,NA,True Sample,77.6,,NA,NA,NA,NA,NA,NA,NA,NA,NA,NA,NA,NA,NA,NA,NA,NA,NA,NA,NA,NA
FLAKF06,NA,MICROBIOME,FLAKF06,FLAK,GWNJF,17-Oct,flag pole knob,38.50696,-79.19638,1286,forest,Environment,NA,NA,NA,forest,NA,NA,NA,NA,NA,NA,NA,NA,True Sample,80.2,,NA,NA,NA,NA,NA,NA,NA,NA,NA,NA,NA,NA,NA,NA,NA,NA,NA,NA,NA,NA
FLAKF07,NA,MICROBIOME,FLAKF07,FLAK,GWNJF,17-Oct,flag pole knob,38.50696,-79.19638,1286,forest,Environment,NA,NA,NA,forest,NA,NA,NA,NA,NA,NA,NA,NA,True Sample,61.8,,NA,NA,NA,NA,NA,NA,NA,NA,NA,NA,NA,NA,NA,NA,NA,NA,NA,NA,NA,NA
FLAKF08,NA,MICROBIOME,FLAKF08,FLAK,GWNJF,17-Oct,flag pole knob,38.50696,-79.19638,1286,forest,Environment,NA,NA,NA,forest,NA,NA,NA,NA,NA,NA,NA,NA,True Sample,63,,NA,NA,NA,NA,NA,NA,NA,NA,NA,NA,NA,NA,NA,NA,NA,NA,NA,NA,NA,NA
GARP01,NA,MICROBIOME,GARP01,GAR,GWNJF,16-Oct,gauley ridge,38.57803,-79.02696,952,pond,Environment,NA,NA,NA,pond,NA,NA,NA,NA,NA,NA,NA,NA,True Sample,55,,NA,NA,NA,NA,NA,NA,NA,NA,NA,NA,NA,NA,NA,NA,NA,NA,NA,NA,NA,NA
GARP02,NA,MICROBIOME,GARP02,GAR,GWNJF,16-Oct,gauley ridge,38.57803,-79.02696,952,pond,Environment,NA,NA,NA,pond,NA,NA,NA,NA,NA,NA,NA,NA,True Sample,29.8,,NA,NA,NA,NA,NA,NA,NA,NA,NA,NA,NA,NA,NA,NA,NA,NA,NA,NA,NA,NA
GARP03,NA,MICROBIOME,GARP03,GAR,GWNJF,16-Oct,gauley ridge,38.57803,-79.02696,952,pond,Environment,NA,NA,NA,pond,NA,NA,NA,NA,NA,NA,NA,NA,True Sample,56.4,,NA,NA,NA,NA,NA,NA,NA,NA,NA,NA,NA,NA,NA,NA,NA,NA,NA,NA,NA,NA
GARP04,NA,MICROBIOME,GARP04,GAR,GWNJF,16-Oct,gauley ridge,38.57803,-79.02696,952,pond,Environment,NA,NA,NA,pond,NA,NA,NA,NA,NA,NA,NA,NA,True Sample,18.2,,NA,NA,NA,NA,NA,NA,NA,NA,NA,NA,NA,NA,NA,NA,NA,NA,NA,NA,NA,NA
GARP05,NA,MICROBIOME,GARP05,GAR,GWNJF,16-Oct,gauley ridge,38.57803,-79.02696,952,pond,Environment,NA,NA,NA,pond,NA,NA,NA,NA,NA,NA,NA,NA,True Sample,70,,NA,NA,NA,NA,NA,NA,NA,NA,NA,NA,NA,NA,NA,NA,NA,NA,NA,NA,NA,NA
GARP06,NA,MICROBIOME,GARP06,GAR,GWNJF,16-Oct,gauley ridge,38.57803,-79.02696,952,pond,Environment,NA,NA,NA,pond,NA,NA,NA,NA,NA,NA,NA,NA,True Sample,10.5,,NA,NA,NA,NA,NA,NA,NA,NA,NA,NA,NA,NA,NA,NA,NA,NA,NA,NA,NA,NA
GARP07,NA,MICROBIOME,GARP07,GAR,GWNJF,16-Oct,gauley ridge,38.57803,-79.02696,952,pond,Environment,NA,NA,NA,pond,NA,NA,NA,NA,NA,NA,NA,NA,True Sample,49.6,,NA,NA,NA,NA,NA,NA,NA,NA,NA,NA,NA,NA,NA,NA,NA,NA,NA,NA,NA,NA
GARP08,NA,MICROBIOME,GARP08,GAR,GWNJF,16-Oct,gauley ridge,38.57803,-79.02696,952,pond,Environment,NA,NA,NA,pond,NA,NA,NA,NA,NA,NA,NA,NA,True Sample,24.2,,NA,NA,NA,NA,NA,NA,NA,NA,NA,NA,NA,NA,NA,NA,NA,NA,NA,NA,NA,NA
HOQS01,NA,MICROBIOME,HOQS01,HOQ,GWNJF,17-Oct,hone quarry,38.46883,-79.14026,602,stream,Environment,NA,NA,NA,stream,NA,NA,NA,NA,NA,NA,NA,NA,True Sample,76.2,,NA,NA,NA,NA,NA,NA,NA,NA,NA,NA,NA,NA,NA,NA,NA,NA,NA,NA,NA,NA
HOQS02,NA,MICROBIOME,HOQS02,HOQ,GWNJF,17-Oct,hone quarry,38.46883,-79.14026,602,stream,Environment,NA,NA,NA,stream,NA,NA,NA,NA,NA,NA,NA,NA,True Sample,65.6,,NA,NA,NA,NA,NA,NA,NA,NA,NA,NA,NA,NA,NA,NA,NA,NA,NA,NA,NA,NA
HOQS03,NA,MICROBIOME,HOQS03,HOQ,GWNJF,17-Oct,hone quarry,38.46883,-79.14026,602,stream,Environment,NA,NA,NA,stream,NA,NA,NA,NA,NA,NA,NA,NA,True Sample,66.4,,NA,NA,NA,NA,NA,NA,NA,NA,NA,NA,NA,NA,NA,NA,NA,NA,NA,NA,NA,NA
HOQS04,NA,MICROBIOME,HOQS04,HOQ,GWNJF,17-Oct,hone quarry,38.46883,-79.14026,602,stream,Environment,NA,NA,NA,stream,NA,NA,NA,NA,NA,NA,NA,NA,True Sample,0.306,,NA,NA,NA,NA,NA,NA,NA,NA,NA,NA,NA,NA,NA,NA,NA,NA,NA,NA,NA,NA
HOQS05,NA,MICROBIOME,HOQS05,HOQ,GWNJF,17-Oct,hone quarry,38.46883,-79.14026,602,stream,Environment,NA,NA,NA,stream,NA,NA,NA,NA,NA,NA,NA,NA,True Sample,63.6,,NA,NA,NA,NA,NA,NA,NA,NA,NA,NA,NA,NA,NA,NA,NA,NA,NA,NA,NA,NA
HOQS06,NA,MICROBIOME,HOQS06,HOQ,GWNJF,17-Oct,hone quarry,38.46883,-79.14026,602,stream,Environment,NA,NA,NA,stream,NA,NA,NA,NA,NA,NA,NA,NA,True Sample,59.8,,NA,NA,NA,NA,NA,NA,NA,NA,NA,NA,NA,NA,NA,NA,NA,NA,NA,NA,NA,NA
HOQS07,NA,MICROBIOME,HOQS07,HOQ,GWNJF,17-Oct,hone quarry,38.46883,-79.14026,602,stream,Environment,NA,NA,NA,stream,NA,NA,NA,NA,NA,NA,NA,NA,True Sample,32.8,,NA,NA,NA,NA,NA,NA,NA,NA,NA,NA,NA,NA,NA,NA,NA,NA,NA,NA,NA,NA
HOQS08,NA,MICROBIOME,HOQS08,HOQ,GWNJF,17-Oct,hone quarry,38.46883,-79.14026,602,stream,Environment,NA,NA,NA,stream,NA,NA,NA,NA,NA,NA,NA,NA,True Sample,74.2,,NA,NA,NA,NA,NA,NA,NA,NA,NA,NA,NA,NA,NA,NA,NA,NA,NA,NA,NA,NA
TIHS01,NA,MICROBIOME,TIHS01,TIH,GWNJF,16-Oct,timber hollow ,38.55631,-79.15517,708,stream,Environment,NA,NA,NA,stream,NA,NA,NA,NA,NA,NA,NA,NA,True Sample,60.6,,NA,NA,NA,NA,NA,NA,NA,NA,NA,NA,NA,NA,NA,NA,NA,NA,NA,NA,NA,NA
TIHS02,NA,MICROBIOME,TIHS02,TIH,GWNJF,16-Oct,timber hollow ,38.55631,-79.15517,708,stream,Environment,NA,NA,NA,stream,NA,NA,NA,NA,NA,NA,NA,NA,True Sample,49.6,,NA,NA,NA,NA,NA,NA,NA,NA,NA,NA,NA,NA,NA,NA,NA,NA,NA,NA,NA,NA
TIHS03,NA,MICROBIOME,TIHS03,TIH,GWNJF,16-Oct,timber hollow ,38.55631,-79.15517,708,stream,Environment,NA,NA,NA,stream,NA,NA,NA,NA,NA,NA,NA,NA,True Sample,63.6,,NA,NA,NA,NA,NA,NA,NA,NA,NA,NA,NA,NA,NA,NA,NA,NA,NA,NA,NA,NA
TIHS04,NA,MICROBIOME,TIHS04,TIH,GWNJF,16-Oct,timber hollow ,38.55631,-79.15517,708,stream,Environment,NA,NA,NA,stream,NA,NA,NA,NA,NA,NA,NA,NA,True Sample,52.4,,NA,NA,NA,NA,NA,NA,NA,NA,NA,NA,NA,NA,NA,NA,NA,NA,NA,NA,NA,NA
TIHS05,NA,MICROBIOME,TIHS05,TIH,GWNJF,16-Oct,timber hollow ,38.55631,-79.15517,708,stream,Environment,NA,NA,NA,stream,NA,NA,NA,NA,NA,NA,NA,NA,True Sample,45.2,,NA,NA,NA,NA,NA,NA,NA,NA,NA,NA,NA,NA,NA,NA,NA,NA,NA,NA,NA,NA
TIHS06,NA,MICROBIOME,TIHS06,TIH,GWNJF,16-Oct,timber hollow ,38.55631,-79.15517,708,stream,Environment,NA,NA,NA,stream,NA,NA,NA,NA,NA,NA,NA,NA,True Sample,46.8,,NA,NA,NA,NA,NA,NA,NA,NA,NA,NA,NA,NA,NA,NA,NA,NA,NA,NA,NA,NA
TIHS07,NA,MICROBIOME,TIHS07,TIH,GWNJF,16-Oct,timber hollow ,38.55631,-79.15517,708,stream,Environment,NA,NA,NA,stream,NA,NA,NA,NA,NA,NA,NA,NA,True Sample,50.2,,NA,NA,NA,NA,NA,NA,NA,NA,NA,NA,NA,NA,NA,NA,NA,NA,NA,NA,NA,NA
TIHS08,NA,MICROBIOME,TIHS08,TIH,GWNJF,16-Oct,timber hollow ,38.55631,-79.15517,708,stream,Environment,NA,NA,NA,stream,NA,NA,NA,NA,NA,NA,NA,NA,True Sample,30.4,,NA,NA,NA,NA,NA,NA,NA,NA,NA,NA,NA,NA,NA,NA,NA,NA,NA,NA,NA,NA
TIMRF01,NA,MICROBIOME,TIMRF01,TIMR,GWNJF,18-Oct,timber ridge,38.41696,-79.1451,619,forest,Environment,NA,NA,NA,forest,NA,NA,NA,NA,NA,NA,NA,NA,True Sample,50.8,,NA,NA,NA,NA,NA,NA,NA,NA,NA,NA,NA,NA,NA,NA,NA,NA,NA,NA,NA,NA
TIMRF02,NA,MICROBIOME,TIMRF02,TIMR,GWNJF,18-Oct,timber ridge,38.41696,-79.1451,619,forest,Environment,NA,NA,NA,forest,NA,NA,NA,NA,NA,NA,NA,NA,True Sample,50.8,,NA,NA,NA,NA,NA,NA,NA,NA,NA,NA,NA,NA,NA,NA,NA,NA,NA,NA,NA,NA
TIMRF03,NA,MICROBIOME,TIMRF03,TIMR,GWNJF,18-Oct,timber ridge,38.41696,-79.1451,619,forest,Environment,NA,NA,NA,forest,NA,NA,NA,NA,NA,NA,NA,NA,True Sample,51,,NA,NA,NA,NA,NA,NA,NA,NA,NA,NA,NA,NA,NA,NA,NA,NA,NA,NA,NA,NA
TIMRF04,NA,MICROBIOME,TIMRF04,TIMR,GWNJF,18-Oct,timber ridge,38.41696,-79.1451,619,forest,Environment,NA,NA,NA,forest,NA,NA,NA,NA,NA,NA,NA,NA,True Sample,38.8,,NA,NA,NA,NA,NA,NA,NA,NA,NA,NA,NA,NA,NA,NA,NA,NA,NA,NA,NA,NA
TIMRF05,NA,MICROBIOME,TIMRF05,TIMR,GWNJF,18-Oct,timber ridge,38.41696,-79.1451,619,forest,Environment,NA,NA,NA,forest,NA,NA,NA,NA,NA,NA,NA,NA,True Sample,37.4,,NA,NA,NA,NA,NA,NA,NA,NA,NA,NA,NA,NA,NA,NA,NA,NA,NA,NA,NA,NA
TIMRF06,NA,MICROBIOME,TIMRF06,TIMR,GWNJF,18-Oct,timber ridge,38.41696,-79.1451,619,forest,Environment,NA,NA,NA,forest,NA,NA,NA,NA,NA,NA,NA,NA,True Sample,33.2,,NA,NA,NA,NA,NA,NA,NA,NA,NA,NA,NA,NA,NA,NA,NA,NA,NA,NA,NA,NA
TIMRF07,NA,MICROBIOME,TIMRF07,TIMR,GWNJF,18-Oct,timber ridge,38.41696,-79.1451,619,forest,Environment,NA,NA,NA,forest,NA,NA,NA,NA,NA,NA,NA,NA,True Sample,26.8,,NA,NA,NA,NA,NA,NA,NA,NA,NA,NA,NA,NA,NA,NA,NA,NA,NA,NA,NA,NA
TIMRF08,NA,MICROBIOME,TIMRF08,TIMR,GWNJF,18-Oct,timber ridge,38.41696,-79.1451,619,forest,Environment,NA,NA,NA,forest,NA,NA,NA,NA,NA,NA,NA,NA,True Sample,65.4,,NA,NA,NA,NA,NA,NA,NA,NA,NA,NA,NA,NA,NA,NA,NA,NA,NA,NA,NA,NA
WOFP01,NA,MICROBIOME,WOFP01,WOF,GWNJF,15-Oct,white oak flats,38.57708,-79.02988,1031,pond,Environment,NA,NA,NA,pond,NA,NA,NA,NA,NA,NA,NA,NA,True Sample,29.2,,NA,NA,NA,NA,NA,NA,NA,NA,NA,NA,NA,NA,NA,NA,NA,NA,NA,NA,NA,NA
WOFP02,NA,MICROBIOME,WOFP02,WOF,GWNJF,15-Oct,white oak flats,38.57708,-79.02988,1031,pond,Environment,NA,NA,NA,pond,NA,NA,NA,NA,NA,NA,NA,NA,True Sample,21.8,,NA,NA,NA,NA,NA,NA,NA,NA,NA,NA,NA,NA,NA,NA,NA,NA,NA,NA,NA,NA
WOFP03,NA,MICROBIOME,WOFP03,WOF,GWNJF,15-Oct,white oak flats,38.57708,-79.02988,1031,pond,Environment,NA,NA,NA,pond,NA,NA,NA,NA,NA,NA,NA,NA,True Sample,46.4,,NA,NA,NA,NA,NA,NA,NA,NA,NA,NA,NA,NA,NA,NA,NA,NA,NA,NA,NA,NA
WOFP04,NA,MICROBIOME,WOFP04,WOF,GWNJF,15-Oct,white oak flats,38.57708,-79.02988,1031,pond,Environment,NA,NA,NA,pond,NA,NA,NA,NA,NA,NA,NA,NA,True Sample,21.4,,NA,NA,NA,NA,NA,NA,NA,NA,NA,NA,NA,NA,NA,NA,NA,NA,NA,NA,NA,NA
WOFP05,NA,MICROBIOME,WOFP05,WOF,GWNJF,15-Oct,white oak flats,38.57708,-79.02988,1031,pond,Environment,NA,NA,NA,pond,NA,NA,NA,NA,NA,NA,NA,NA,True Sample,21.2,,NA,NA,NA,NA,NA,NA,NA,NA,NA,NA,NA,NA,NA,NA,NA,NA,NA,NA,NA,NA
WOFP06,NA,MICROBIOME,WOFP06,WOF,GWNJF,15-Oct,white oak flats,38.57708,-79.02988,1031,pond,Environment,NA,NA,NA,pond,NA,NA,NA,NA,NA,NA,NA,NA,True Sample,29,,NA,NA,NA,NA,NA,NA,NA,NA,NA,NA,NA,NA,NA,NA,NA,NA,NA,NA,NA,NA
WOFP07,NA,MICROBIOME,WOFP07,WOF,GWNJF,15-Oct,white oak flats,38.57708,-79.02988,1031,pond,Environment,NA,NA,NA,pond,NA,NA,NA,NA,NA,NA,NA,NA,True Sample,16,,NA,NA,NA,NA,NA,NA,NA,NA,NA,NA,NA,NA,NA,NA,NA,NA,NA,NA,NA,NA
WOFP08,NA,MICROBIOME,WOFP08,WOF,GWNJF,15-Oct,white oak flats,38.57708,-79.02988,1031,pond,Environment,NA,NA,NA,pond,NA,NA,NA,NA,NA,NA,NA,NA,True Sample,35.4,,NA,NA,NA,NA,NA,NA,NA,NA,NA,NA,NA,NA,NA,NA,NA,NA,NA,NA,NA,NA
GAR01,NA,MICROBIOME,GAR01,GAR,GWNJF,16-Oct,gauley ridge,38.57803,-79.02696,952,pond,Salamander,43.1,3.9,Nothopthalmus,viridescens,NA,female,NA,yes,10,yes,NA,no,True Sample,36,"foamy, gravid",A10,1,NA,NA,NA,NA,NA,NA,NA,no,NA,NA,NA,NA,NA,NA,NA,NA,NA,NA
GAR02,NA,MICROBIOME,GAR02,GAR,GWNJF,16-Oct,gauley ridge,38.57803,-79.02696,952,pond,Salamander,47.4,4.4,Nothopthalmus,viridescens,NA,male,NA,yes,10,yes,NA,no,True Sample,6.58,,B10,1,NA,NA,NA,NA,NA,NA,NA,no,test,NA,NA,NA,NA,NA,NA,NA,NA,NA
GAR04,NA,MICROBIOME,GAR04,GAR,GWNJF,16-Oct,gauley ridge,38.57803,-79.02696,952,pond,Salamander,46.8,4.1,Nothopthalmus,viridescens,NA,female,NA,yes,10,yes,NA,no,True Sample,47.6,gravid,D10,1,39.02,39.57,NA,9.81,13.8,NA,236.15,yes,NA,NA,NA,NA,NA,NA,NA,NA,NA,NA
GAR05,NA,MICROBIOME,GAR05,GAR,GWNJF,16-Oct,gauley ridge,38.57803,-79.02696,952,pond,Salamander,43.8,3.7,Nothopthalmus,viridescens,NA,female,NA,yes,10,yes,NA,no,True Sample,8.86,,E10,1,37.71,39.22,NA,23.7,17.4,NA,411.01,yes,NA,NA,NA,NA,NA,NA,NA,NA,NA,NA
GAR08,NA,MICROBIOME,GAR08,GAR,GWNJF,16-Oct,gauley ridge,38.57803,-79.02696,952,pond,Salamander,42.3,4,Nothopthalmus,viridescens,NA,female,NA,yes,10,yes,NA,no,True Sample,68,"gravid, dirty swab",H10,1,36.06,37.38,NA,71.81,59.94,NA,1317.49,yes,NA,NA,NA,NA,NA,NA,NA,NA,NA,NA
GAR13,NA,MICROBIOME,GAR13,GAR,GWNJF,16-Oct,gauley ridge,38.57803,-79.02696,952,pond,Salamander,44.5,3,Nothopthalmus,viridescens,NA,male,NA,yes,10,no/poke,NA,no,True Sample,78.4,,E04,2,NA,41.61,NA,NA,4.91,NA,NA,no,NA,NA,NA,NA,NA,NA,NA,NA,NA,NA
GAR14,NA,MICROBIOME,GAR14,GAR,GWNJF,16-Oct,gauley ridge,38.57803,-79.02696,952,pond,Salamander,48.9,4.2,Nothopthalmus,viridescens,NA,male,NA,yes,10,no/poke,NA,no,True Sample,34,,F04,2,39.99,38.7,NA,38.99,33.42,NA,724.06,yes,NA,NA,NA,NA,NA,NA,NA,NA,NA,NA
GAR15,NA,MICROBIOME,GAR15,GAR,GWNJF,16-Oct,gauley ridge,38.57803,-79.02696,952,pond,Salamander,47.6,3.7,Nothopthalmus,viridescens,NA,female,NA,no,10,no/poke,NA,yes,True Sample,34.8,,G04,2,38.13,37.03,NA,139.41,100.16,NA,2395.68,yes,NA,NA,NA,NA,NA,NA,NA,NA,NA,NA
GAR16,NA,MICROBIOME,GAR16,GAR,GWNJF,16-Oct,gauley ridge,38.57803,-79.02696,952,pond,Salamander,47.3,3.7,Nothopthalmus,viridescens,NA,male,NA,yes,10,no/poke,NA,no,True Sample,32.2,,D02,1,NA,NA,NA,NA,NA,NA,NA,no,NA,NA,NA,NA,NA,NA,NA,NA,NA,NA
HOQ15,NA,MICROBIOME,HOQ15,HOQ,GWNJF,17-Oct,hone quarry,38.46883,-79.14026,602,stream,Salamander,46,4.9,Nothopthalmus,viridescens,NA,female,NA,yes,10,yes,NA,no,True Sample,36.6,,G04,3,31.35,31.19,NA,2201.01,3091.97,NA,52929.83,yes,NA,NA,NA,NA,NA,NA,NA,NA,NA,NA
HOQ16,NA,MICROBIOME,HOQ16,HOQ,GWNJF,17-Oct,hone quarry,38.46883,-79.14026,602,stream,Salamander,42.3,3,Nothopthalmus,viridescens,NA,male,NA,yes,10,yes,NA,no,True Sample,35,,H04,3,33.7,33.83,NA,423.05,553.87,NA,9769.24,yes,NA,NA,NA,NA,NA,NA,NA,NA,NA,NA
HOQ17,NA,MICROBIOME,HOQ17,HOQ,GWNJF,17-Oct,hone quarry,38.46883,-79.14026,602,stream,Salamander,45.5,3.6,Nothopthalmus,viridescens,NA,female,NA,yes,10,yes,NA,no,True Sample,71.6,,F09,3,NA,NA,NA,NA,NA,NA,NA,no,NA,NA,NA,NA,NA,NA,NA,NA,NA,NA
HOQ18,NA,MICROBIOME,HOQ18,HOQ,GWNJF,17-Oct,hone quarry,38.46883,-79.14026,602,stream,Salamander,43.2,2.8,Nothopthalmus,viridescens,NA,male,NA,yes,10,yes,NA,no,True Sample,65,,G09,3,NA,NA,NA,NA,NA,NA,NA,no,NA,NA,NA,NA,NA,NA,NA,NA,NA,NA
HOQ19,NA,MICROBIOME,HOQ19,HOQ,GWNJF,17-Oct,hone quarry,38.46883,-79.14026,602,stream,Salamander,46.1,3.3,Nothopthalmus,viridescens,NA,female,NA,yes,10,yes,NA,no,True Sample,38.4,,H09,3,NA,NA,NA,NA,NA,NA,NA,no,NA,NA,NA,NA,NA,NA,NA,NA,NA,NA
WOF06,NA,MICROBIOME,WOF06,WOF,GWNJF,15-Oct,white oak flats,38.57708,-79.02988,1031,pond,Salamander,45.1,3.7,Nothopthalmus,viridescens,NA,male,NA,yes,10,yes,NA,no,True Sample,1.72,25x acety,B08,1,34.7,35.75,NA,180.69,179.74,NA,3604.34,yes,NA,NA,NA,NA,NA,NA,NA,NA,NA,NA
FLAK01,NA,MICROBIOME,FLAK01,FLAK,GWNJF,17-Oct,flag pole knob,38.50696,-79.19638,1286,forest,Salamander,47.2,1.7,Plethodon,cinereus,red,female,rs,no,NA,no,NA,yes,True Sample,15.3,gravid,A10,2,42.2,NA,41.49,8.52,NA,3.47,119.87,yes,NA,NA,NA,NA,NA,NA,NA,NA,NA,NA
FLAK05,NA,MICROBIOME,FLAK05,FLAK,GWNJF,17-Oct,flag pole knob,38.50696,-79.19638,1286,forest,Salamander,38.6,0.8,Plethodon,cinereus,red,male,ss,yes,5,yes,NA,no,True Sample,1.24,,E10,2,NA,NA,NA,NA,NA,NA,NA,no,NA,NA,NA,NA,NA,NA,NA,NA,NA,NA
FLAK07,NA,MICROBIOME,FLAK07,FLAK,GWNJF,17-Oct,flag pole knob,38.50696,-79.19638,1286,forest,Salamander,31.2,0.8,Plethodon,cinereus,NA,female,rs,no,NA,no,NA,no,True Sample,12.6,dirty on swab,H10,2,NA,NA,NA,NA,NA,NA,NA,no,NA,NA,NA,NA,NA,NA,NA,NA,NA,NA
TIH12,NA,MICROBIOME,TIH12,TIH,GWNJF,16-Oct,timber hollow ,38.55631,-79.15517,708,forest,Salamander,62.3,5.2,Plethodon,glutinosus,NA,male,NA,no,NA,no,NA,no,True Sample,12,,H09,2,NA,NA,NA,NA,NA,NA,NA,no,NA,NA,NA,NA,NA,NA,NA,NA,NA,NA
TIMR02,NA,MICROBIOME,TIMR02,TIMR,GWNJF,18-Oct,timber ridge,38.41696,-79.1451,619,forest,Salamander,37.6,1.1,Plethodon,cinereus,lead,female,rs,yes,5,yes,NA,no,True Sample,12.6,foamy,B09,1,NA,NA,NA,NA,NA,NA,NA,no,NA,NA,NA,NA,NA,NA,NA,NA,NA,NA
TIMR03,NA,MICROBIOME,TIMR03,TIMR,GWNJF,18-Oct,timber ridge,38.41696,-79.1451,619,forest,Salamander,39.5,1.1,Plethodon,cinereus,red,female,rs,yes,5,yes,NA,no,True Sample,2.94,1 ml peptides spilled,C09,1,NA,NA,NA,NA,NA,NA,NA,no,NA,NA,NA,NA,NA,NA,NA,NA,NA,NA
TIMR04,NA,MICROBIOME,TIMR04,TIMR,GWNJF,18-Oct,timber ridge,38.41696,-79.1451,619,forest,Salamander,40.1,1,Plethodon,cinereus,red,female,rs,yes,5,yes,NA,no,True Sample,3.74,,D09,1,NA,NA,NA,NA,NA,NA,NA,no,NA,NA,NA,NA,NA,NA,NA,NA,NA,NA
TIMR05,NA,MICROBIOME,TIMR05,TIMR,GWNJF,18-Oct,timber ridge,38.41696,-79.1451,619,forest,Salamander,32.5,0.9,Plethodon,cinereus,red,unknown,juvenile,yes,5,yes,NA,no,True Sample,22.4,,A02,1,NA,NA,NA,NA,NA,NA,NA,no,NA,NA,NA,NA,NA,NA,NA,NA,NA,NA
TIMR06,NA,MICROBIOME,TIMR06,TIMR,GWNJF,18-Oct,timber ridge,38.41696,-79.1451,619,forest,Salamander,39,0.8,Plethodon,cinereus,red,unknown,unknown,yes,5,yes,NA,no,True Sample,1.36,,B02,1,NA,NA,NA,NA,NA,NA,NA,no,test,NA,NA,NA,NA,NA,NA,NA,NA,NA
TIMR07,NA,MICROBIOME,TIMR07,TIMR,GWNJF,18-Oct,timber ridge,38.41696,-79.1451,619,forest,Salamander,38.5,0.8,Plethodon,cinereus,lead,female,rs,yes,5,yes,NA,no,True Sample,4.08,,C02,1,NA,NA,NA,NA,NA,NA,NA,no,NA,NA,NA,NA,NA,NA,NA,NA,NA,NA
TIMR09,NA,MICROBIOME,TIMR09,TIMR,GWNJF,18-Oct,timber ridge,38.41696,-79.1451,619,forest,Salamander,33.8,1,Plethodon,cinereus,red,male,ss,yes,5,yes,NA,no,True Sample,13.4,,G08,3,NA,NA,NA,NA,NA,NA,NA,no,NA,NA,NA,NA,NA,NA,NA,NA,NA,NA
HOQ06,PEPTIDES,MICROBIOME,HOQ06,HOQ,GWNJF,17-Oct,hone quarry,38.46883,-79.14026,602,stream,Salamander,31.7,1.7,Eurycea,bislineata,NA,male,NA,yes,5,yes,NA,no,True Sample,7.2,,F08,1,NA,NA,NA,NA,NA,NA,NA,no,yes,115.27,77.29,NOV_23,NA,NA,NA,NA,96.28,Y
GAR03,PEPTIDES,MICROBIOME,GAR03,GAR,GWNJF,16-Oct,gauley ridge,38.57803,-79.02696,952,pond,Salamander,49,4.5,Nothopthalmus,viridescens,NA,female,NA,yes,10,yes,NA,no,True Sample,34.8,gravid,C10,1,35.48,36.55,NA,106.36,104.96,NA,2113.21,yes,yes,737.27,528.2,NOV_23,NA,NA,NA,NA,632.74,Y
GAR06,PEPTIDES,MICROBIOME,GAR06,GAR,GWNJF,16-Oct,gauley ridge,38.57803,-79.02696,952,pond,Salamander,45.7,3.8,Nothopthalmus,viridescens,NA,male,NA,yes,10,yes,NA,no,True Sample,50.6,foamy,F10,1,39.21,39.37,NA,8.62,15.75,NA,243.75,yes,yes,NA,813.14,NOV_23,NA,917.14,544.81,JAN_27_22,758.36,Y
GAR07,PEPTIDES,MICROBIOME,GAR07,GAR,GWNJF,16-Oct,gauley ridge,38.57803,-79.02696,952,pond,Salamander,44.6,3.3,Nothopthalmus,viridescens,NA,male,NA,yes,10,yes,NA,no,True Sample,19.1,,G10,1,NA,NA,NA,NA,NA,NA,NA,no,yes,39.64,20.78,NOV_23,NA,NA,NA,NA,30.21,Y
GAR09,PEPTIDES,MICROBIOME,GAR09,GAR,GWNJF,16-Oct,gauley ridge,38.57803,-79.02696,952,pond,Salamander,43.2,3.3,Nothopthalmus,viridescens,NA,female,NA,yes,10,yes,NA,no,True Sample,32.4,gravid,A07,2,33.58,32.37,NA,3164.21,2164.02,NA,53282.33,yes,yes,NA,1858.54,NOV_23,NA,NA,1028.22,JAN_27_22,1443.38,Y
WOF08,PEPTIDES,MICROBIOME,WOF08,WOF,GWNJF,15-Oct,white oak flats,38.57708,-79.02988,1031,pond,Salamander,46.5,2.9,Nothopthalmus,viridescens,NA,male,NA,yes,10,yes,NA,no,True Sample,3.42,,D08,1,30.89,31.71,NA,2348.39,2711.08,NA,50594.76,yes,yes,108.3,74.61,NOV_23,NA,NA,NA,NA,91.46,Y
BCOM01,NA,MICROBIOME,BCOM01,MOC,MOC,NA,NA,NA,NA,NA,NA,NA,NA,NA,NA,MOC,NA,NA,NA,NA,NA,NA,NA,NA,True Sample,99.2,,NA,NA,NA,NA,NA,NA,NA,NA,NA,NA,NA,NA,NA,NA,NA,NA,NA,NA,NA,NA
BCOM02,NA,MICROBIOME,BCOM02,MOC,MOC,NA,NA,NA,NA,NA,NA,NA,NA,NA,NA,MOC,NA,NA,NA,NA,NA,NA,NA,NA,True Sample,0.156,,NA,NA,NA,NA,NA,NA,NA,NA,NA,NA,NA,NA,NA,NA,NA,NA,NA,NA,NA,NA
BCOM03,NA,MICROBIOME,BCOM03,MOC,MOC,NA,NA,NA,NA,NA,NA,NA,NA,NA,NA,NA,NA,NA,NA,NA,NA,NA,NA,NA,True Sample,80,,NA,NA,NA,NA,NA,NA,NA,NA,NA,NA,NA,NA,NA,NA,NA,NA,NA,NA,NA,NA
SRR05,PEPTIDES,MICROBIOME,SRR05,SRR,Mountain MD,22-Oct,savage river reservoir,39.52423,-79.14133,460,pond,Salamander,48.2,3.5,Nothopthalmus,viridescens,NA,male,NA,yes,10,yes,NA,no,True Sample,54.6,,B03,3,30.59,30.37,NA,3763.8,5282.03,NA,90458.31,yes,yes,209.97,160.25,DEC_10,NA,NA,NA,NA,185.11,Y
DMP32,PEPTIDES,MICROBIOME,DMP32,DMP,Mountain MD,23-Oct,dans mountain pond,39.56273,-78.95025,634,forest,Salamander,39.6,1.1,Plethodon,cinereus,red,female,NA,yes,5,yes,NA,no,True Sample,52.8,dirty swab.foamy,F04,3,NA,NA,NA,NA,NA,NA,NA,no,yes,280.62,255.76,DEC_10,NA,NA,NA,NA,268.19,Y
Controlbag1,PEPTIDES,NA,NA,control,NA,NA,NA,NA,NA,NA,NA,NA,NA,NA,NA,NA,NA,NA,NA,NA,NA,control,NA,NA,NA,NA,NA,NA,NA,NA,NA,NA,NA,NA,NA,NA,NA,NA,37.17,31.72,JAN_27_22,NA,NA,NA,NA,34.45,Y
Controlbag3,PEPTIDES,NA,NA,control,NA,NA,NA,NA,NA,NA,NA,NA,NA,NA,NA,NA,NA,NA,NA,NA,NA,control,NA,NA,NA,NA,NA,NA,NA,NA,NA,NA,NA,NA,NA,NA,NA,NA,40,31.72,JAN_27_22,NA,NA,NA,NA,35.86,Y
DMPcontrol,PEPTIDES,NA,NA,control,NA,NA,NA,NA,NA,NA,NA,NA,NA,NA,NA,NA,NA,NA,NA,NA,NA,control,NA,NA,NA,NA,NA,NA,NA,NA,NA,NA,NA,NA,NA,NA,NA,NA,41.41,45.61,JAN_27_22,NA,NA,NA,NA,43.51,Y
CRTL04,PEPTIDES,NA,NA,control,NA,NA,NA,NA,NA,NA,NA,NA,NA,NA,NA,NA,NA,NA,NA,NA,NA,control,NA,NA,NA,NA,NA,NA,NA,NA,NA,NA,NA,NA,NA,NA,NA,NA,20.68,0,JULY_1,NA,NA,NA,NA,10.34,N
CRTL03,PEPTIDES,NA,NA,control,NA,NA,NA,NA,NA,NA,NA,NA,NA,NA,NA,NA,NA,NA,NA,NA,NA,control,NA,NA,NA,NA,NA,NA,NA,NA,NA,NA,NA,NA,NA,NA,NA,NA,8.85,0,JUNE_15,NA,NA,NA,NA,4.43,N
Extr_blankP1,NA,MICROBIOME,Extr_blankP1,control,NA,NA,NA,NA,NA,NA,NA,NA,NA,NA,NA,NA,NA,NA,NA,NA,NA,NA,NA,NA,Control Sample,0.32,,NA,NA,NA,NA,NA,NA,NA,NA,NA,NA,NA,NA,NA,NA,NA,NA,NA,NA,NA,NA
Extr_blankP2_1,NA,MICROBIOME,Extr_blankP2_1,control,NA,NA,NA,NA,NA,NA,NA,NA,NA,NA,NA,NA,NA,NA,NA,NA,NA,NA,NA,NA,Control Sample,0.748,,NA,NA,NA,NA,NA,NA,NA,NA,NA,NA,NA,NA,NA,NA,NA,NA,NA,NA,NA,NA
Extr_blankP2_2,NA,MICROBIOME,Extr_blankP2_2,control,NA,NA,NA,NA,NA,NA,NA,NA,NA,NA,NA,NA,NA,NA,NA,NA,NA,NA,NA,NA,Control Sample,0.116,,NA,NA,NA,NA,NA,NA,NA,NA,NA,NA,NA,NA,NA,NA,NA,NA,NA,NA,NA,NA
Extr_blankP2_3,NA,MICROBIOME,Extr_blankP2_3,control,NA,NA,NA,NA,NA,NA,NA,NA,NA,NA,NA,NA,NA,NA,NA,NA,NA,NA,NA,NA,Control Sample,9.38,,NA,NA,NA,NA,NA,NA,NA,NA,NA,NA,NA,NA,NA,NA,NA,NA,NA,NA,NA,NA
Extr_blankP3,NA,MICROBIOME,Extr_blankP3,control,NA,NA,NA,NA,NA,NA,NA,NA,NA,NA,NA,NA,NA,NA,NA,NA,NA,NA,NA,NA,Control Sample,0.646,,NA,NA,NA,NA,NA,NA,NA,NA,NA,NA,NA,NA,NA,NA,NA,NA,NA,NA,NA,NA
Extr_blankP4,NA,MICROBIOME,Extr_blankP4,control,NA,NA,NA,NA,NA,NA,NA,NA,NA,NA,NA,NA,NA,NA,NA,NA,NA,NA,NA,NA,Control Sample,0.49,,NA,NA,NA,NA,NA,NA,NA,NA,NA,NA,NA,NA,NA,NA,NA,NA,NA,NA,NA,NA
PCR_BCOM01,NA,MICROBIOME,PCR_BCOM01,MOC,NA,NA,NA,NA,NA,NA,NA,NA,NA,NA,NA,MOC,NA,NA,NA,NA,NA,NA,NA,NA,True Sample,19.3,,NA,NA,NA,NA,NA,NA,NA,NA,NA,NA,NA,NA,NA,NA,NA,NA,NA,NA,NA,NA
PCR_blankP1,NA,MICROBIOME,PCR_blankP1,control,NA,NA,NA,NA,NA,NA,NA,NA,NA,NA,NA,NA,NA,NA,NA,NA,NA,NA,NA,NA,Control Sample,1.99,,NA,NA,NA,NA,NA,NA,NA,NA,NA,NA,NA,NA,NA,NA,NA,NA,NA,NA,NA,NA
PCR_blankP2,NA,MICROBIOME,PCR_blankP2,control,NA,NA,NA,NA,NA,NA,NA,NA,NA,NA,NA,NA,NA,NA,NA,NA,NA,NA,NA,NA,Control Sample,0.36,,NA,NA,NA,NA,NA,NA,NA,NA,NA,NA,NA,NA,NA,NA,NA,NA,NA,NA,NA,NA
PCR_blankP3,NA,MICROBIOME,PCR_blankP3,control,NA,NA,NA,NA,NA,NA,NA,NA,NA,NA,NA,NA,NA,NA,NA,NA,NA,NA,NA,NA,Control Sample,0.558,,NA,NA,NA,NA,NA,NA,NA,NA,NA,NA,NA,NA,NA,NA,NA,NA,NA,NA,NA,NA
PCR_blankP4,NA,MICROBIOME,PCR_blankP4,control,NA,NA,NA,NA,NA,NA,NA,NA,NA,NA,NA,NA,NA,NA,NA,NA,NA,NA,NA,NA,Control Sample,0.454,,NA,NA,NA,NA,NA,NA,NA,NA,NA,NA,NA,NA,NA,NA,NA,NA,NA,NA,NA,NA
CRTL01,PEPTIDES,NA,NA,control,NA,NA,NA,NA,NA,NA,NA,NA,NA,NA,NA,NA,NA,NA,NA,NA,NA,control,NA,NA,NA,NA,NA,NA,NA,NA,NA,NA,NA,NA,NA,NA,NA,NA,190.16,101.84,NOV_23,NA,NA,NA,NA,146,N
DMP54,PEPTIDES,MICROBIOME,DMP54,DMP,Mountain MD,25-Oct,dans mountain pond,39.56273,-78.95025,634,pond,Salamander,49,3.7,Nothopthalmus,viridescens,NA,male,NA,yes,10,yes,NA,no,True Sample,76,,A04,3,NA,NA,NA,NA,NA,NA,NA,no,yes,376.8,325.09,DEC_10,NA,NA,NA,NA,350.94,Y
DMPBAG02,PEPTIDES,NA,DMPBAG02,control,Mountain MD,25-Oct,dans mountain pond,39.56273,-78.95025,634,NA,NA,NA,NA,NA,NA,NA,NA,NA,NA,NA,control,NA,NA,Control Sample,0.572,swabbed bag,NA,NA,NA,NA,NA,NA,NA,NA,NA,NA,NA,154.44,114.86,DEC_3,NA,NA,NA,NA,134.65,N
DMP22,PEPTIDES,MICROBIOME,DMP22,DMP,Mountain MD,23-Oct,dans mountain pond,39.56273,-78.95025,634,stream,Salamander,38.7,0.5,Eurycea,bislineata,NA,NA,NA,yes,5,yes,NA,no,True Sample,4.2,,F05,3,NA,NA,NA,NA,NA,NA,NA,no,yes,NA,1180.22,DEC_3,NA,1087.23,719.83,JAN_27_22,995.76,Y
DMP51,PEPTIDES,MICROBIOME,DMP51,DMP,Mountain MD,25-Oct,dans mountain pond,39.56273,-78.95025,634,pond,Salamander,46,5,Nothopthalmus,viridescens,NA,female,NA,yes,10,yes,NA,no,True Sample,43.4,,E09,2,38.59,38.4,NA,101.95,40.79,NA,1427.38,yes,yes,269.23,246.4,DEC_3,NA,NA,NA,NA,257.82,Y
DMP56,PEPTIDES,MICROBIOME,DMP56,DMP,Mountain MD,25-Oct,dans mountain pond,39.56273,-78.95025,634,pond,Salamander,48,3.5,Nothopthalmus,viridescens,NA,male,NA,yes,10,yes,NA,no,True Sample,60,,G07,3,35.15,34.56,NA,153.48,344.18,NA,4976.63,yes,yes,401.64,258.87,DEC_3,NA,NA,NA,NA,330.25,Y
SRR06,PEPTIDES,MICROBIOME,SRR06,SRR,Mountain MD,22-Oct,savage river reservoir,39.52423,-79.14133,460,pond,Salamander,47,3.8,Nothopthalmus,viridescens,NA,male,NA,yes,10,yes,NA,no,True Sample,64,,D03,3,34.5,34.37,NA,241.83,389.8,NA,6316.29,yes,yes,233.08,206.87,DEC_3,NA,NA,NA,NA,219.98,Y
SRR07,PEPTIDES,MICROBIOME,SRR07,SRR,Mountain MD,22-Oct,savage river reservoir,39.52423,-79.14133,460,pond,Salamander,44.5,3.1,Nothopthalmus,viridescens,NA,male,NA,yes,10,yes,NA,no,True Sample,2.04,,E03,3,33.12,32.82,NA,637.23,1071.1,NA,17083.28,yes,yes,199.22,108.86,DEC_3,NA,NA,NA,NA,154.04,Y
DMP24,PEPTIDES,MICROBIOME,DMP24,DMP,Mountain MD,23-Oct,dans mountain pond,39.56273,-78.95025,634,forest,Salamander,34.8,0.9,Plethodon,cinereus,red,male,ss,yes,5,yes,NA,no,True Sample,18.9,50x,H05,3,NA,NA,NA,NA,NA,NA,NA,no,yes,267.86,218.47,DEC_3,NA,NA,NA,NA,243.17,Y
DMP26,PEPTIDES,MICROBIOME,DMP26,DMP,Mountain MD,23-Oct,dans mountain pond,39.56273,-78.95025,634,forest,Salamander,36,1,Plethodon,cinereus,red,male,ss,yes,5,yes,NA,no,True Sample,2.66,,H06,3,NA,NA,NA,NA,NA,NA,NA,no,yes,NA,2166.91,DEC_3,NA,1719.75,1171.81,JAN_27_22,1686.16,Y
SRBR17,PEPTIDES,MICROBIOME,SRBR17,SRBR,Mountain MD,24-Oct,savage river big run,39.55843,-79.15185,498,stream,Salamander,31.1,0.6,Eurycea,bislineata,NA,male,NA,yes,5,yes,NA,no,True Sample,2.86,,F02,3,NA,NA,NA,NA,NA,NA,NA,no,yes,415.24,298.97,JULY_1,NA,NA,NA,NA,357.11,Y
DMP55,PEPTIDES,MICROBIOME,DMP55,DMP,Mountain MD,25-Oct,dans mountain pond,39.56273,-78.95025,634,pond,Salamander,45.5,3.7,Nothopthalmus,viridescens,NA,male,NA,yes,10,yes,NA,no,True Sample,39.2,,F07,3,28.96,28.95,NA,11820.36,13268.45,NA,250888.12,yes,yes,909.44,674.03,JULY_1,NA,NA,NA,NA,791.74,Y
DMP30,PEPTIDES,MICROBIOME,DMP30,DMP,Mountain MD,23-Oct,dans mountain pond,39.56273,-78.95025,634,forest,Salamander,33.9,0.9,Plethodon,cinereus,red,male,NA,yes,5,yes,NA,no,True Sample,6.7,,C03,3,NA,NA,NA,NA,NA,NA,NA,no,yes,378.89,275.7,JULY_1,NA,NA,NA,NA,327.29,Y
DMP34,PEPTIDES,MICROBIOME,DMP34,DMP,Mountain MD,23-Oct,dans mountain pond,39.56273,-78.95025,634,forest,Salamander,39.6,1.1,Plethodon,cinereus,red,female,NA,yes,5,no/poke,NA,no,True Sample,8.52,"tweezer poke, 30 sec",D06,3,NA,NA,NA,NA,NA,NA,NA,no,yes,140.25,102.39,JULY_1,NA,NA,NA,NA,121.32,Y
DMP35,PEPTIDES,MICROBIOME,DMP35,DMP,Mountain MD,23-Oct,dans mountain pond,39.56273,-78.95025,634,forest,Salamander,35.7,1.3,Plethodon,cinereus,red,female,NA,yes,5,no/poke,NA,no,True Sample,44.2,,E06,3,NA,NA,NA,NA,NA,NA,NA,no,yes,116.08,94.19,JULY_1,NA,NA,NA,NA,105.14,Y
DMP39,PEPTIDES,MICROBIOME,DMP39,DMP,Mountain MD,23-Oct,dans mountain pond,39.56273,-78.95025,634,forest,Salamander,39.9,1.3,Plethodon,cinereus,red,female,NA,yes,5,no/poke,NA,no,True Sample,12.7,,C07,2,NA,NA,NA,NA,NA,NA,NA,no,yes,106.79,113.37,JULY_1,NA,NA,NA,NA,110.08,Y
DMP41,PEPTIDES,MICROBIOME,DMP41,DMP,Mountain MD,23-Oct,dans mountain pond,39.56273,-78.95025,634,forest,Salamander,30.7,0.9,Plethodon,cinereus,red,NA,NA,yes,5,no/poke,NA,no,True Sample,3.08,foamy pre-swab,E07,2,NA,NA,NA,NA,NA,NA,NA,no,yes,107.37,111.99,JULY_1,NA,NA,NA,NA,109.68,Y
DMP42,PEPTIDES,MICROBIOME,DMP42,DMP,Mountain MD,23-Oct,dans mountain pond,39.56273,-78.95025,634,forest,Salamander,37.7,1.2,Plethodon,cinereus,red,NA,NA,yes,5,no/poke,NA,no,True Sample,17.5,,C01,2,NA,NA,NA,NA,NA,NA,NA,no,yes,115.5,99.65,JULY_1,NA,NA,NA,NA,107.58,Y
SRBE02,PEPTIDES,MICROBIOME,SRBE02,SRBE,Mountain MD,24-Oct,savage river bear pen,39.56075,-79.11425,470,forest,Salamander,43.5,1.3,Plethodon,cinereus,red,female,NA,yes,5,yes,NA,no,True Sample,15.8,,B06,2,NA,NA,NA,NA,NA,NA,NA,no,yes,31.14,6.64,JULY_1,NA,NA,NA,NA,18.89,Y
SRBE05,PEPTIDES,MICROBIOME,SRBE05,SRBE,Mountain MD,24-Oct,savage river bear pen,39.56075,-79.11425,470,forest,Salamander,43.6,0.8,Plethodon,cinereus,red,female,NA,yes,5,yes,NA,no,True Sample,1.52,swabbed passed injection,D07,3,NA,NA,NA,NA,NA,NA,NA,no,yes,124.39,57.52,JULY_1,NA,NA,NA,NA,90.96,Y
DMP18,PEPTIDES,MICROBIOME,DMP18,DMP,Mountain MD,23-Oct,dans mountain pond,39.56273,-78.95025,634,stream,Salamander,41.7,1.6,Eurycea,bislineata,NA,NA,NA,yes,5,yes,NA,no,True Sample,15.9,50x,A02,3,NA,NA,NA,NA,NA,NA,NA,no,yes,156.01,390.03,JUNE_15,NA,NA,NA,NA,273.02,Y
SRBR15,PEPTIDES,MICROBIOME,SRBR15,SRBR,Mountain MD,24-Oct,savage river big run,39.55843,-79.15185,498,stream,Salamander,31.4,0.6,Eurycea,bislineata,NA,male,NA,yes,5,yes,NA,no,True Sample,15.1,,D02,3,NA,NA,NA,NA,NA,NA,NA,no,yes,44.3,20.81,JUNE_15,NA,NA,NA,NA,32.56,Y
SRR09,PEPTIDES,MICROBIOME,SRR09,SRR,Mountain MD,22-Oct,savage river reservoir,39.52423,-79.14133,460,pond,Salamander,48.7,4.3,Nothopthalmus,viridescens,NA,male,NA,yes,10,yes,NA,no,True Sample,16.9,,A08,3,39.21,37.18,NA,8.86,62.65,NA,715.08,yes,yes,137.37,97.37,JUNE_15,NA,NA,NA,NA,117.37,Y
DMP29,PEPTIDES,MICROBIOME,DMP29,DMP,Mountain MD,23-Oct,dans mountain pond,39.56273,-78.95025,634,forest,Salamander,35.2,1,Plethodon,cinereus,red,NA,NA,yes,5,yes,NA,no,True Sample,43.4,dirty swab.foamy,B01,3,NA,NA,NA,NA,NA,NA,NA,no,yes,367.52,918.8,JUNE_15,NA,NA,NA,NA,643.16,Y
DMP36,PEPTIDES,MICROBIOME,DMP36,DMP,Mountain MD,23-Oct,dans mountain pond,39.56273,-78.95025,634,forest,Salamander,38.3,1.2,Plethodon,cinereus,red,female,NA,yes,5,no/poke,NA,no,True Sample,9.94,,F06,3,NA,NA,NA,NA,NA,NA,NA,no,yes,49.68,124.21,JUNE_15,NA,NA,NA,NA,86.95,Y
SRBE03,PEPTIDES,MICROBIOME,SRBE03,SRBE,Mountain MD,24-Oct,savage river bear pen,39.56075,-79.11425,470,forest,Salamander,32.8,0.6,Plethodon,cinereus,red,unknown,juvenile,yes,5,yes,NA,no,True Sample,1.2,missed injection?,B07,3,NA,NA,NA,NA,NA,NA,NA,no,yes,63.28,158.21,JUNE_15,NA,NA,NA,NA,110.75,Y
SRBE04,PEPTIDES,MICROBIOME,SRBE04,SRBE,Mountain MD,24-Oct,savage river bear pen,39.56075,-79.11425,470,forest,Salamander,44.1,1.2,Plethodon,cinereus,red,female,NA,yes,5,yes,NA,no,True Sample,3.92,,F06,2,NA,NA,NA,NA,NA,NA,NA,no,yes,248.38,620.95,JUNE_15,NA,NA,NA,NA,434.66,Y
DMP01,NA,MICROBIOME,DMP01,DMP,Mountain MD,23-Oct,dans mountain pond,39.56273,-78.95025,634,stream,Salamander,42.5,1.9,Desmognathus,monticola,NA,unknown,NA,no,NA,no,NA,no,True Sample,2.72,"tail length 49.2, keel, dark toe tips",A06,1,NA,NA,NA,NA,NA,NA,NA,no,NA,NA,NA,NA,NA,NA,NA,NA,NA,NA
DMP02,NA,MICROBIOME,DMP02,DMP,Mountain MD,23-Oct,dans mountain pond,39.56273,-78.95025,634,stream,Salamander,39.5,1.7,Desmognathus,fuscus,NA,unknown,NA,no,NA,no,NA,no,True Sample,0.506,"tail length 52.3, no dark toe tips",B06,1,NA,NA,NA,NA,NA,NA,NA,no,NA,NA,NA,NA,NA,NA,NA,NA,NA,NA
DMP03,NA,MICROBIOME,DMP03,DMP,Mountain MD,23-Oct,dans mountain pond,39.56273,-78.95025,634,stream,Salamander,39,1.4,Desmognathus,ochrophaeus,NA,unknown,NA,no,NA,no,NA,no,True Sample,3.88,,C06,1,NA,NA,NA,NA,NA,NA,NA,no,NA,NA,NA,NA,NA,NA,NA,NA,NA,NA
DMP04,NA,MICROBIOME,DMP04,DMP,Mountain MD,23-Oct,dans mountain pond,39.56273,-78.95025,634,stream,Salamander,40.5,1.4,Desmognathus,monticola,NA,unknown,NA,no,NA,no,NA,no,True Sample,4.14,"dark toe tips, no tail",D06,1,NA,NA,NA,NA,NA,NA,NA,no,NA,NA,NA,NA,NA,NA,NA,NA,NA,NA
DMP05,NA,MICROBIOME,DMP05,DMP,Mountain MD,23-Oct,dans mountain pond,39.56273,-78.95025,634,stream,Salamander,38.8,1.5,Desmognathus,ochrophaeus,NA,unknown,NA,no,NA,no,NA,no,True Sample,1.59,,E06,1,NA,NA,NA,NA,NA,NA,NA,no,NA,NA,NA,NA,NA,NA,NA,NA,NA,NA
DMP06,NA,MICROBIOME,DMP06,DMP,Mountain MD,23-Oct,dans mountain pond,39.56273,-78.95025,634,stream,Salamander,38,1.4,Desmognathus,ochrophaeus,NA,unknown,NA,no,NA,no,NA,no,True Sample,1.55,tail length 37.6,F06,1,NA,NA,NA,NA,NA,NA,NA,no,NA,NA,NA,NA,NA,NA,NA,NA,NA,NA
DMP07,NA,MICROBIOME,DMP07,DMP,Mountain MD,23-Oct,dans mountain pond,39.56273,-78.95025,634,stream,Salamander,36.3,1,Desmognathus,fuscus,NA,unknown,NA,no,NA,no,NA,no,True Sample,10.3,"tail length 39.6, black toe tips",H06,1,NA,NA,NA,NA,NA,NA,NA,no,NA,NA,NA,NA,NA,NA,NA,NA,NA,NA
DMP08,NA,MICROBIOME,DMP08,DMP,Mountain MD,23-Oct,dans mountain pond,39.56273,-78.95025,634,stream,Salamander,38,1.4,Desmognathus,ochrophaeus,NA,unknown,NA,no,NA,no,NA,no,True Sample,4.1,"tail length 45.6, black toe tips",D03,2,NA,NA,NA,NA,NA,NA,NA,no,NA,NA,NA,NA,NA,NA,NA,NA,NA,NA
DMP09,NA,MICROBIOME,DMP09,DMP,Mountain MD,23-Oct,dans mountain pond,39.56273,-78.95025,634,stream,Salamander,31.8,1.1,Desmognathus,fuscus,NA,unknown,NA,no,NA,no,NA,no,True Sample,12.4,,E03,2,NA,NA,NA,NA,NA,NA,NA,no,NA,NA,NA,NA,NA,NA,NA,NA,NA,NA
DMP10,NA,MICROBIOME,DMP10,DMP,Mountain MD,23-Oct,dans mountain pond,39.56273,-78.95025,634,stream,Salamander,31.8,1.3,Desmognathus,fuscus,NA,unknown,NA,no,NA,no,NA,no,True Sample,9.22,,C02,2,NA,NA,NA,NA,NA,NA,NA,no,NA,NA,NA,NA,NA,NA,NA,NA,NA,NA
DMP11,NA,MICROBIOME,DMP11,DMP,Mountain MD,23-Oct,dans mountain pond,39.56273,-78.95025,634,stream,Salamander,37.1,1,Desmognathus,ochrophaeus,NA,unknown,NA,no,NA,no,NA,no,True Sample,4.94,"round tail, broken tail",F03,2,NA,NA,NA,NA,NA,NA,NA,no,NA,NA,NA,NA,NA,NA,NA,NA,NA,NA
DMP12,NA,MICROBIOME,DMP12,DMP,Mountain MD,23-Oct,dans mountain pond,39.56273,-78.95025,634,stream,Salamander,53.2,3.5,Desmognathus,ochrophaeus,NA,unknown,NA,no,NA,no,NA,no,True Sample,13.4,round tail,G03,2,NA,NA,NA,NA,NA,NA,NA,no,NA,NA,NA,NA,NA,NA,NA,NA,NA,NA
DMP13,NA,MICROBIOME,DMP13,DMP,Mountain MD,23-Oct,dans mountain pond,39.56273,-78.95025,634,stream,Salamander,39.5,1.5,Desmognathus,fuscus,NA,unknown,NA,no,NA,no,NA,no,True Sample,65.4,tail length 38.5,H03,2,NA,NA,NA,NA,NA,NA,NA,no,NA,NA,NA,NA,NA,NA,NA,NA,NA,NA
DMP14,NA,MICROBIOME,DMP14,DMP,Mountain MD,23-Oct,dans mountain pond,39.56273,-78.95025,634,stream,Salamander,36,1.4,Desmognathus,fuscus,NA,unknown,NA,no,NA,no,NA,no,True Sample,24.6,,A04,2,NA,NA,NA,NA,NA,NA,NA,no,NA,NA,NA,NA,NA,NA,NA,NA,NA,NA
SRBR02,NA,MICROBIOME,SRBR02,SRBR,Mountain MD,24-Oct,savage river big run,39.55843,-79.15185,498,stream,Salamander,36.4,1.3,Desmognathus,ochrophaeus,NA,unknown,NA,no,NA,no,NA,no,True Sample,0.74,foamy before swab,E01,2,NA,NA,NA,NA,NA,NA,NA,no,NA,NA,NA,NA,NA,NA,NA,NA,NA,NA
SRBR03,NA,MICROBIOME,SRBR03,SRBR,Mountain MD,24-Oct,savage river big run,39.55843,-79.15185,498,stream,Salamander,38.2,2.3,Desmognathus,ochrophaeus,NA,unknown,NA,no,NA,no,NA,no,True Sample,1.84,,F01,2,NA,NA,NA,NA,NA,NA,NA,no,NA,NA,NA,NA,NA,NA,NA,NA,NA,NA
SRBR04,NA,MICROBIOME,SRBR04,SRBR,Mountain MD,24-Oct,savage river big run,39.55843,-79.15185,498,stream,Salamander,33,1.1,Desmognathus,ochrophaeus,NA,unknown,NA,no,NA,no,NA,no,True Sample,3.92,foamy before swab,G01,2,NA,NA,NA,NA,NA,NA,NA,no,NA,NA,NA,NA,NA,NA,NA,NA,NA,NA
SRBR05,NA,MICROBIOME,SRBR05,SRBR,Mountain MD,24-Oct,savage river big run,39.55843,-79.15185,498,stream,Salamander,36.9,1,Desmognathus,ochrophaeus,NA,unknown,NA,no,NA,no,NA,no,True Sample,5,foamy before swab,H01,2,NA,NA,NA,NA,NA,NA,NA,no,NA,NA,NA,NA,NA,NA,NA,NA,NA,NA
SRBR06,NA,MICROBIOME,SRBR06,SRBR,Mountain MD,24-Oct,savage river big run,39.55843,-79.15185,498,stream,Salamander,32.3,1,Desmognathus,ochrophaeus,NA,unknown,NA,no,NA,no,NA,no,True Sample,12.4,foamy before swab,A03,2,NA,NA,NA,NA,NA,NA,NA,no,NA,NA,NA,NA,NA,NA,NA,NA,NA,NA
SRBR07,NA,MICROBIOME,SRBR07,SRBR,Mountain MD,24-Oct,savage river big run,39.55843,-79.15185,498,stream,Salamander,61.3,5.9,Desmognathus,fuscus,NA,unknown,NA,no,NA,no,NA,no,True Sample,30.8,dirty swab,C03,2,NA,NA,NA,NA,NA,NA,NA,no,NA,NA,NA,NA,NA,NA,NA,NA,NA,NA
SRBR08,NA,MICROBIOME,SRBR08,SRBR,Mountain MD,24-Oct,savage river big run,39.55843,-79.15185,498,stream,Salamander,36.2,0.4,Desmognathus,ochrophaeus,NA,unknown,juvenile,no,NA,no,NA,no,True Sample,3,,A02,2,NA,NA,NA,NA,NA,NA,NA,no,NA,NA,NA,NA,NA,NA,NA,NA,NA,NA
SRBR12,NA,MICROBIOME,SRBR12,SRBR,Mountain MD,24-Oct,savage river big run,39.55843,-79.15185,498,stream,Salamander,36.7,1.1,Desmognathus,ochrophaeus,NA,female,NA,no,NA,no,NA,no,True Sample,10.2,,B03,2,NA,NA,NA,NA,NA,NA,NA,no,NA,NA,NA,NA,NA,NA,NA,NA,NA,NA
DMP15,NA,MICROBIOME,DMP15,DMP,Mountain MD,23-Oct,dans mountain pond,39.56273,-78.95025,634,stream,Salamander,40,1.4,Eurycea,bislineata,NA,female,NA,yes,5,yes,NA,no,True Sample,0.448,50x,F09,1,NA,NA,NA,NA,NA,NA,NA,no,NA,NA,NA,NA,NA,NA,NA,NA,NA,NA
DMP16,NA,MICROBIOME,DMP16,DMP,Mountain MD,23-Oct,dans mountain pond,39.56273,-78.95025,634,stream,Salamander,44.2,2,Eurycea,bislineata,NA,female,NA,yes,5,yes,NA,no,True Sample,3.04,foamy before swab,G09,1,NA,NA,NA,NA,NA,NA,NA,no,NA,NA,NA,NA,NA,NA,NA,NA,NA,NA
DMP17,NA,MICROBIOME,DMP17,DMP,Mountain MD,23-Oct,dans mountain pond,39.56273,-78.95025,634,stream,Salamander,27,0.3,Eurycea,bislineata,NA,unknown,juvenile,no,NA,no,NA,no,True Sample,4.74,foamy before swab,H09,1,NA,NA,NA,NA,NA,NA,NA,no,NA,NA,NA,NA,NA,NA,NA,NA,NA,NA
SRBR09,NA,MICROBIOME,SRBR09,SRBR,Mountain MD,24-Oct,savage river big run,39.55843,-79.15185,498,stream,Salamander,38.1,0.9,Eurycea,bislineata,NA,female,NA,yes,5,yes,NA,no,True Sample,16.4,,C01,3,NA,NA,NA,NA,NA,NA,NA,no,NA,NA,NA,NA,NA,NA,NA,NA,NA,NA
SRBR10,NA,MICROBIOME,SRBR10,SRBR,Mountain MD,24-Oct,savage river big run,39.55843,-79.15185,498,stream,Salamander,39.4,1.1,Eurycea,bislineata,NA,male,NA,yes,5,yes,NA,no,True Sample,16.5,,H06,2,NA,NA,NA,NA,NA,NA,NA,no,NA,NA,NA,NA,NA,NA,NA,NA,NA,NA
SRBR11,NA,MICROBIOME,SRBR11,SRBR,Mountain MD,24-Oct,savage river big run,39.55843,-79.15185,498,stream,Salamander,24.7,0.4,Eurycea,bislineata,NA,unknown,juvenile,yes,5,yes,NA,no,True Sample,16,,E01,3,NA,NA,NA,NA,NA,NA,NA,no,NA,NA,NA,NA,NA,NA,NA,NA,NA,NA
SRBR13,NA,MICROBIOME,SRBR13,SRBR,Mountain MD,24-Oct,savage river big run,39.55843,-79.15185,498,stream,Salamander,46.4,1.7,Eurycea,bislineata,NA,male,NA,yes,5,yes,NA,no,True Sample,1.12,foamy pre swab,G01,3,NA,NA,NA,NA,NA,NA,NA,no,NA,NA,NA,NA,NA,NA,NA,NA,NA,NA
SRBR16,NA,MICROBIOME,SRBR16,SRBR,Mountain MD,24-Oct,savage river big run,39.55843,-79.15185,498,stream,Salamander,35.8,0.8,Eurycea,bislineata,NA,female,NA,yes,5,yes,NA,no,True Sample,4.5,,E02,3,NA,NA,NA,NA,NA,NA,NA,no,NA,NA,NA,NA,NA,NA,NA,NA,NA,NA
SRBR01,NA,MICROBIOME,SRBR01,SRBR,Mountain MD,24-Oct,savage river big run,39.55843,-79.15185,498,stream,Salamander,66.5,6.2,Gyrinophilus,porphyriticus ,NA,unknown,NA,no,NA,no,NA,no,True Sample,12.9,,H10,3,NA,NA,NA,NA,NA,NA,NA,no,NA,NA,NA,NA,NA,NA,NA,NA,NA,NA
SRBR18,NA,MICROBIOME,SRBR18,SRBR,Mountain MD,24-Oct,savage river big run,39.55843,-79.15185,498,stream,Salamander,73.3,6.2,Gyrinophilus,porphyriticus ,NA,unknown,NA,no,NA,no,NA,no,True Sample,18.7,,G02,3,NA,NA,NA,NA,NA,NA,NA,no,NA,NA,NA,NA,NA,NA,NA,NA,NA,NA
SRBR19,NA,MICROBIOME,SRBR19,SRBR,Mountain MD,24-Oct,savage river big run,39.55843,-79.15185,498,stream,Salamander,75.8,7.3,Gyrinophilus,porphyriticus ,NA,unknown,NA,no,NA,no,NA,no,True Sample,24.4,,H02,3,45.04,41.02,NA,0.15,5.11,NA,52.63,yes,NA,NA,NA,NA,NA,NA,NA,NA,NA,NA
DMPF01,NA,MICROBIOME,DMPF01,DMP,Mountain MD,23-Oct,dans mountain pond,39.56273,-78.95025,634,forest,Environment,NA,NA,NA,forest,NA,NA,NA,NA,NA,NA,NA,NA,True Sample,59.4,,NA,NA,NA,NA,NA,NA,NA,NA,NA,NA,NA,NA,NA,NA,NA,NA,NA,NA,NA,NA
DMPF02,NA,MICROBIOME,DMPF02,DMP,Mountain MD,23-Oct,dans mountain pond,39.56273,-78.95025,634,forest,Environment,NA,NA,NA,forest,NA,NA,NA,NA,NA,NA,NA,NA,True Sample,63.4,,NA,NA,NA,NA,NA,NA,NA,NA,NA,NA,NA,NA,NA,NA,NA,NA,NA,NA,NA,NA
DMPF03,NA,MICROBIOME,DMPF03,DMP,Mountain MD,23-Oct,dans mountain pond,39.56273,-78.95025,634,forest,Environment,NA,NA,NA,forest,NA,NA,NA,NA,NA,NA,NA,NA,True Sample,72.8,,NA,NA,NA,NA,NA,NA,NA,NA,NA,NA,NA,NA,NA,NA,NA,NA,NA,NA,NA,NA
DMPF04,NA,MICROBIOME,DMPF04,DMP,Mountain MD,23-Oct,dans mountain pond,39.56273,-78.95025,634,forest,Environment,NA,NA,NA,forest,NA,NA,NA,NA,NA,NA,NA,NA,True Sample,57.8,,NA,NA,NA,NA,NA,NA,NA,NA,NA,NA,NA,NA,NA,NA,NA,NA,NA,NA,NA,NA
DMPF05,NA,MICROBIOME,DMPF05,DMP,Mountain MD,23-Oct,dans mountain pond,39.56273,-78.95025,634,forest,Environment,NA,NA,NA,forest,NA,NA,NA,NA,NA,NA,NA,NA,True Sample,55,,NA,NA,NA,NA,NA,NA,NA,NA,NA,NA,NA,NA,NA,NA,NA,NA,NA,NA,NA,NA
DMPF06,NA,MICROBIOME,DMPF06,DMP,Mountain MD,23-Oct,dans mountain pond,39.56273,-78.95025,634,forest,Environment,NA,NA,NA,forest,NA,NA,NA,NA,NA,NA,NA,NA,True Sample,63.4,,NA,NA,NA,NA,NA,NA,NA,NA,NA,NA,NA,NA,NA,NA,NA,NA,NA,NA,NA,NA
DMPP01,NA,MICROBIOME,DMPP01,DMP,Mountain MD,25-Oct,dans mountain pond,39.56273,-78.95025,634,pond,Environment,NA,NA,NA,pond,NA,NA,NA,NA,NA,NA,NA,NA,True Sample,24.8,,NA,NA,NA,NA,NA,NA,NA,NA,NA,NA,NA,NA,NA,NA,NA,NA,NA,NA,NA,NA
DMPP02,NA,MICROBIOME,DMPP02,DMP,Mountain MD,25-Oct,dans mountain pond,39.56273,-78.95025,634,pond,Environment,NA,NA,NA,pond,NA,NA,NA,NA,NA,NA,NA,NA,True Sample,60,,NA,NA,NA,NA,NA,NA,NA,NA,NA,NA,NA,NA,NA,NA,NA,NA,NA,NA,NA,NA
DMPP03,NA,MICROBIOME,DMPP03,DMP,Mountain MD,25-Oct,dans mountain pond,39.56273,-78.95025,634,pond,Environment,NA,NA,NA,pond,NA,NA,NA,NA,NA,NA,NA,NA,True Sample,26.8,,NA,NA,NA,NA,NA,NA,NA,NA,NA,NA,NA,NA,NA,NA,NA,NA,NA,NA,NA,NA
DMPP04,NA,MICROBIOME,DMPP04,DMP,Mountain MD,25-Oct,dans mountain pond,39.56273,-78.95025,634,pond,Environment,NA,NA,NA,pond,NA,NA,NA,NA,NA,NA,NA,NA,True Sample,40.6,,NA,NA,NA,NA,NA,NA,NA,NA,NA,NA,NA,NA,NA,NA,NA,NA,NA,NA,NA,NA
DMPP05,NA,MICROBIOME,DMPP05,DMP,Mountain MD,25-Oct,dans mountain pond,39.56273,-78.95025,634,pond,Environment,NA,NA,NA,pond,NA,NA,NA,NA,NA,NA,NA,NA,True Sample,31.2,,NA,NA,NA,NA,NA,NA,NA,NA,NA,NA,NA,NA,NA,NA,NA,NA,NA,NA,NA,NA
DMPP06,NA,MICROBIOME,DMPP06,DMP,Mountain MD,25-Oct,dans mountain pond,39.56273,-78.95025,634,pond,Environment,NA,NA,NA,pond,NA,NA,NA,NA,NA,NA,NA,NA,True Sample,40.8,,NA,NA,NA,NA,NA,NA,NA,NA,NA,NA,NA,NA,NA,NA,NA,NA,NA,NA,NA,NA
DMPP07,NA,MICROBIOME,DMPP07,DMP,Mountain MD,25-Oct,dans mountain pond,39.56273,-78.95025,634,pond,Environment,NA,NA,NA,pond,NA,NA,NA,NA,NA,NA,NA,NA,True Sample,12.9,,NA,NA,NA,NA,NA,NA,NA,NA,NA,NA,NA,NA,NA,NA,NA,NA,NA,NA,NA,NA
DMPP08,NA,MICROBIOME,DMPP08,DMP,Mountain MD,25-Oct,dans mountain pond,39.56273,-78.95025,634,pond,Environment,NA,NA,NA,pond,NA,NA,NA,NA,NA,NA,NA,NA,True Sample,25,,NA,NA,NA,NA,NA,NA,NA,NA,NA,NA,NA,NA,NA,NA,NA,NA,NA,NA,NA,NA
DMPS01,NA,MICROBIOME,DMPS01,DMP,Mountain MD,23-Oct,dans mountain pond,39.56273,-78.95025,634,stream,Environment,NA,NA,NA,stream,NA,NA,NA,NA,NA,NA,NA,NA,True Sample,28.8,,NA,NA,NA,NA,NA,NA,NA,NA,NA,NA,NA,NA,NA,NA,NA,NA,NA,NA,NA,NA
DMPS02,NA,MICROBIOME,DMPS02,DMP,Mountain MD,23-Oct,dans mountain pond,39.56273,-78.95025,634,stream,Environment,NA,NA,NA,stream,NA,NA,NA,NA,NA,NA,NA,NA,True Sample,40.4,,NA,NA,NA,NA,NA,NA,NA,NA,NA,NA,NA,NA,NA,NA,NA,NA,NA,NA,NA,NA
DMPS03,NA,MICROBIOME,DMPS03,DMP,Mountain MD,23-Oct,dans mountain pond,39.56273,-78.95025,634,stream,Environment,NA,NA,NA,stream,NA,NA,NA,NA,NA,NA,NA,NA,True Sample,43.4,,NA,NA,NA,NA,NA,NA,NA,NA,NA,NA,NA,NA,NA,NA,NA,NA,NA,NA,NA,NA
DMPS04,NA,MICROBIOME,DMPS04,DMP,Mountain MD,23-Oct,dans mountain pond,39.56273,-78.95025,634,stream,Environment,NA,NA,NA,stream,NA,NA,NA,NA,NA,NA,NA,NA,True Sample,66,,NA,NA,NA,NA,NA,NA,NA,NA,NA,NA,NA,NA,NA,NA,NA,NA,NA,NA,NA,NA
DMPS05,NA,MICROBIOME,DMPS05,DMP,Mountain MD,23-Oct,dans mountain pond,39.56273,-78.95025,634,stream,Environment,NA,NA,NA,stream,NA,NA,NA,NA,NA,NA,NA,NA,True Sample,70.8,,NA,NA,NA,NA,NA,NA,NA,NA,NA,NA,NA,NA,NA,NA,NA,NA,NA,NA,NA,NA
DMPS06,NA,MICROBIOME,DMPS06,DMP,Mountain MD,23-Oct,dans mountain pond,39.56273,-78.95025,634,stream,Environment,NA,NA,NA,stream,NA,NA,NA,NA,NA,NA,NA,NA,True Sample,53.8,,NA,NA,NA,NA,NA,NA,NA,NA,NA,NA,NA,NA,NA,NA,NA,NA,NA,NA,NA,NA
DMPS07,NA,MICROBIOME,DMPS07,DMP,Mountain MD,23-Oct,dans mountain pond,39.56273,-78.95025,634,stream,Environment,NA,NA,NA,stream,NA,NA,NA,NA,NA,NA,NA,NA,True Sample,70.2,,NA,NA,NA,NA,NA,NA,NA,NA,NA,NA,NA,NA,NA,NA,NA,NA,NA,NA,NA,NA
DMPS08,NA,MICROBIOME,DMPS08,DMP,Mountain MD,23-Oct,dans mountain pond,39.56273,-78.95025,634,stream,Environment,NA,NA,NA,stream,NA,NA,NA,NA,NA,NA,NA,NA,True Sample,64,,NA,NA,NA,NA,NA,NA,NA,NA,NA,NA,NA,NA,NA,NA,NA,NA,NA,NA,NA,NA
SRBEF01,NA,MICROBIOME,SRBEF01,SRBE,Mountain MD,24-Oct,savage river bear pen,39.56075,-79.11425,470,forest,Environment,NA,NA,NA,forest,NA,NA,NA,NA,NA,NA,NA,NA,True Sample,51.4,,NA,NA,NA,NA,NA,NA,NA,NA,NA,NA,NA,NA,NA,NA,NA,NA,NA,NA,NA,NA
SRBEF02,NA,MICROBIOME,SRBEF02,SRBE,Mountain MD,24-Oct,savage river bear pen,39.56075,-79.11425,470,forest,Environment,NA,NA,NA,forest,NA,NA,NA,NA,NA,NA,NA,NA,True Sample,6.72,,NA,NA,NA,NA,NA,NA,NA,NA,NA,NA,NA,NA,NA,NA,NA,NA,NA,NA,NA,NA
SRBEF03,NA,MICROBIOME,SRBEF03,SRBE,Mountain MD,24-Oct,savage river bear pen,39.56075,-79.11425,470,forest,Environment,NA,NA,NA,forest,NA,NA,NA,NA,NA,NA,NA,NA,True Sample,59.2,,NA,NA,NA,NA,NA,NA,NA,NA,NA,NA,NA,NA,NA,NA,NA,NA,NA,NA,NA,NA
SRBEF04,NA,MICROBIOME,SRBEF04,SRBE,Mountain MD,24-Oct,savage river bear pen,39.56075,-79.11425,470,forest,Environment,NA,NA,NA,forest,NA,NA,NA,NA,NA,NA,NA,NA,True Sample,54,,NA,NA,NA,NA,NA,NA,NA,NA,NA,NA,NA,NA,NA,NA,NA,NA,NA,NA,NA,NA
SRBEF05,NA,MICROBIOME,SRBEF05,SRBE,Mountain MD,24-Oct,savage river bear pen,39.56075,-79.11425,470,forest,Environment,NA,NA,NA,forest,NA,NA,NA,NA,NA,NA,NA,NA,True Sample,67.2,,NA,NA,NA,NA,NA,NA,NA,NA,NA,NA,NA,NA,NA,NA,NA,NA,NA,NA,NA,NA
SRBEF06,NA,MICROBIOME,SRBEF06,SRBE,Mountain MD,24-Oct,savage river bear pen,39.56075,-79.11425,470,forest,Environment,NA,NA,NA,forest,NA,NA,NA,NA,NA,NA,NA,NA,True Sample,44.2,,NA,NA,NA,NA,NA,NA,NA,NA,NA,NA,NA,NA,NA,NA,NA,NA,NA,NA,NA,NA
SRBEF07,NA,MICROBIOME,SRBEF07,SRBE,Mountain MD,24-Oct,savage river bear pen,39.56075,-79.11425,470,forest,Environment,NA,NA,NA,forest,NA,NA,NA,NA,NA,NA,NA,NA,True Sample,54,,NA,NA,NA,NA,NA,NA,NA,NA,NA,NA,NA,NA,NA,NA,NA,NA,NA,NA,NA,NA
SRBEF08,NA,MICROBIOME,SRBEF08,SRBE,Mountain MD,24-Oct,savage river bear pen,39.56075,-79.11425,470,forest,Environment,NA,NA,NA,forest,NA,NA,NA,NA,NA,NA,NA,NA,True Sample,69.2,,NA,NA,NA,NA,NA,NA,NA,NA,NA,NA,NA,NA,NA,NA,NA,NA,NA,NA,NA,NA
SRBRS01,NA,MICROBIOME,SRBRS01,SRBR,Mountain MD,24-Oct,savage river big run,39.55843,-79.15185,498,stream,Environment,NA,NA,NA,stream,NA,NA,NA,NA,NA,NA,NA,NA,True Sample,64,,NA,NA,NA,NA,NA,NA,NA,NA,NA,NA,NA,NA,NA,NA,NA,NA,NA,NA,NA,NA
SRBRS02,NA,MICROBIOME,SRBRS02,SRBR,Mountain MD,24-Oct,savage river big run,39.55843,-79.15185,498,stream,Environment,NA,NA,NA,stream,NA,NA,NA,NA,NA,NA,NA,NA,True Sample,33.2,,NA,NA,NA,NA,NA,NA,NA,NA,NA,NA,NA,NA,NA,NA,NA,NA,NA,NA,NA,NA
SRBRS03,NA,MICROBIOME,SRBRS03,SRBR,Mountain MD,24-Oct,savage river big run,39.55843,-79.15185,498,stream,Environment,NA,NA,NA,stream,NA,NA,NA,NA,NA,NA,NA,NA,True Sample,36.8,,NA,NA,NA,NA,NA,NA,NA,NA,NA,NA,NA,NA,NA,NA,NA,NA,NA,NA,NA,NA
SRBRS04,NA,MICROBIOME,SRBRS04,SRBR,Mountain MD,24-Oct,savage river big run,39.55843,-79.15185,498,stream,Environment,NA,NA,NA,stream,NA,NA,NA,NA,NA,NA,NA,NA,True Sample,21.6,,NA,NA,NA,NA,NA,NA,NA,NA,NA,NA,NA,NA,NA,NA,NA,NA,NA,NA,NA,NA
SRBRS05,NA,MICROBIOME,SRBRS05,SRBR,Mountain MD,24-Oct,savage river big run,39.55843,-79.15185,498,stream,Environment,NA,NA,NA,stream,NA,NA,NA,NA,NA,NA,NA,NA,True Sample,8.16,,NA,NA,NA,NA,NA,NA,NA,NA,NA,NA,NA,NA,NA,NA,NA,NA,NA,NA,NA,NA
SRBRS06,NA,MICROBIOME,SRBRS06,SRBR,Mountain MD,24-Oct,savage river big run,39.55843,-79.15185,498,stream,Environment,NA,NA,NA,stream,NA,NA,NA,NA,NA,NA,NA,NA,True Sample,12.5,,NA,NA,NA,NA,NA,NA,NA,NA,NA,NA,NA,NA,NA,NA,NA,NA,NA,NA,NA,NA
SRBRS07,NA,MICROBIOME,SRBRS07,SRBR,Mountain MD,24-Oct,savage river big run,39.55843,-79.15185,498,stream,Environment,NA,NA,NA,stream,NA,NA,NA,NA,NA,NA,NA,NA,True Sample,17.5,,NA,NA,NA,NA,NA,NA,NA,NA,NA,NA,NA,NA,NA,NA,NA,NA,NA,NA,NA,NA
SRBRS08,NA,MICROBIOME,SRBRS08,SRBR,Mountain MD,24-Oct,savage river big run,39.55843,-79.15185,498,stream,Environment,NA,NA,NA,stream,NA,NA,NA,NA,NA,NA,NA,NA,True Sample,8.72,,NA,NA,NA,NA,NA,NA,NA,NA,NA,NA,NA,NA,NA,NA,NA,NA,NA,NA,NA,NA
SRRP01,NA,MICROBIOME,SRRP01,SRR,Mountain MD,22-Oct,savage river reservoir,39.52423,-79.14133,460,pond,Environment,NA,NA,NA,pond,NA,NA,NA,NA,NA,NA,NA,NA,True Sample,2.28,,NA,NA,NA,NA,NA,NA,NA,NA,NA,NA,NA,NA,NA,NA,NA,NA,NA,NA,NA,NA
SRRP02,NA,MICROBIOME,SRRP02,SRR,Mountain MD,22-Oct,savage river reservoir,39.52423,-79.14133,460,pond,Environment,NA,NA,NA,pond,NA,NA,NA,NA,NA,NA,NA,NA,True Sample,8.44,,NA,NA,NA,NA,NA,NA,NA,NA,NA,NA,NA,NA,NA,NA,NA,NA,NA,NA,NA,NA
SRRP03,NA,MICROBIOME,SRRP03,SRR,Mountain MD,22-Oct,savage river reservoir,39.52423,-79.14133,460,pond,Environment,NA,NA,NA,pond,NA,NA,NA,NA,NA,NA,NA,NA,True Sample,12.1,,NA,NA,NA,NA,NA,NA,NA,NA,NA,NA,NA,NA,NA,NA,NA,NA,NA,NA,NA,NA
SRRP04,NA,MICROBIOME,SRRP04,SRR,Mountain MD,22-Oct,savage river reservoir,39.52423,-79.14133,460,pond,Environment,NA,NA,NA,pond,NA,NA,NA,NA,NA,NA,NA,NA,True Sample,11.6,,NA,NA,NA,NA,NA,NA,NA,NA,NA,NA,NA,NA,NA,NA,NA,NA,NA,NA,NA,NA
SRRP05,NA,MICROBIOME,SRRP05,SRR,Mountain MD,22-Oct,savage river reservoir,39.52423,-79.14133,460,pond,Environment,NA,NA,NA,pond,NA,NA,NA,NA,NA,NA,NA,NA,True Sample,37.8,,NA,NA,NA,NA,NA,NA,NA,NA,NA,NA,NA,NA,NA,NA,NA,NA,NA,NA,NA,NA
SRRP06,NA,MICROBIOME,SRRP06,SRR,Mountain MD,22-Oct,savage river reservoir,39.52423,-79.14133,460,pond,Environment,NA,NA,NA,pond,NA,NA,NA,NA,NA,NA,NA,NA,True Sample,34.6,,NA,NA,NA,NA,NA,NA,NA,NA,NA,NA,NA,NA,NA,NA,NA,NA,NA,NA,NA,NA
SRRP07,NA,MICROBIOME,SRRP07,SRR,Mountain MD,22-Oct,savage river reservoir,39.52423,-79.14133,460,pond,Environment,NA,NA,NA,pond,NA,NA,NA,NA,NA,NA,NA,NA,True Sample,38,,NA,NA,NA,NA,NA,NA,NA,NA,NA,NA,NA,NA,NA,NA,NA,NA,NA,NA,NA,NA
SRRP08,NA,MICROBIOME,SRRP08,SRR,Mountain MD,22-Oct,savage river reservoir,39.52423,-79.14133,460,pond,Environment,NA,NA,NA,pond,NA,NA,NA,NA,NA,NA,NA,NA,True Sample,30,,NA,NA,NA,NA,NA,NA,NA,NA,NA,NA,NA,NA,NA,NA,NA,NA,NA,NA,NA,NA
DMP47,NA,MICROBIOME,DMP47,DMP,Mountain MD,25-Oct,dans mountain pond,39.56273,-78.95025,634,pond,Salamander,47.2,3.1,Nothopthalmus,viridescens,NA,male,NA,yes,10,yes,NA,no,True Sample,41.2,2 ml of soak extra,A05,2,37.04,36.6,NA,293.77,133.24,NA,4270.09,yes,NA,NA,NA,NA,NA,NA,NA,NA,NA,NA
DMP48,NA,MICROBIOME,DMP48,DMP,Mountain MD,25-Oct,dans mountain pond,39.56273,-78.95025,634,pond,Salamander,47.5,3.3,Nothopthalmus,viridescens,NA,male,NA,yes,10,yes,NA,no,True Sample,30.8,,B05,2,36.89,35.93,NA,327.61,207.48,NA,5350.87,yes,NA,NA,NA,NA,NA,NA,NA,NA,NA,NA
DMP49,NA,MICROBIOME,DMP49,DMP,Mountain MD,25-Oct,dans mountain pond,39.56273,-78.95025,634,pond,Salamander,48,3.7,Nothopthalmus,viridescens,NA,female,NA,yes,10,yes,NA,no,True Sample,49.8,,B10,2,39.47,38.32,NA,55.65,42.86,NA,985.11,yes,NA,NA,NA,NA,NA,NA,NA,NA,NA,NA
DMP50,NA,MICROBIOME,DMP50,DMP,Mountain MD,25-Oct,dans mountain pond,39.56273,-78.95025,634,pond,Salamander,45,3.3,Nothopthalmus,viridescens,NA,male,NA,yes,10,yes,NA,no,True Sample,19.7,cyst on check,C10,2,NA,NA,NA,NA,NA,NA,NA,no,NA,NA,NA,NA,NA,NA,NA,NA,NA,NA
DMP53,NA,MICROBIOME,DMP53,DMP,Mountain MD,25-Oct,dans mountain pond,39.56273,-78.95025,634,pond,Salamander,47.2,3.6,Nothopthalmus,viridescens,NA,female,NA,yes,10,yes,NA,no,True Sample,3.98,,G06,1,30.41,32.3,NA,3250.37,1818.51,NA,50688.84,yes,NA,NA,NA,NA,NA,NA,NA,NA,NA,NA
DMP57,NA,MICROBIOME,DMP57,DMP,Mountain MD,25-Oct,dans mountain pond,39.56273,-78.95025,634,pond,Salamander,48,3.3,Nothopthalmus,viridescens,NA,female,NA,no,NA,no,NA,no,True Sample,37.8,,H07,3,40.36,NA,NA,3.95,NA,NA,NA,no,NA,NA,NA,NA,NA,NA,NA,NA,NA,NA
DMP58,NA,MICROBIOME,DMP58,DMP,Mountain MD,25-Oct,dans mountain pond,39.56273,-78.95025,634,pond,Salamander,44.5,2.8,Nothopthalmus,viridescens,NA,male,NA,no,NA,no,NA,no,True Sample,55,,F10,3,37.68,37.64,NA,25.89,46.48,NA,723.77,yes,NA,NA,NA,NA,NA,NA,NA,NA,NA,NA
DMP59,NA,MICROBIOME,DMP59,DMP,Mountain MD,25-Oct,dans mountain pond,39.56273,-78.95025,634,pond,Salamander,44.5,4.1,Nothopthalmus,viridescens,NA,male,NA,no,NA,no,NA,no,True Sample,41.6,,G10,3,32.32,32.12,NA,1115.55,1687.13,NA,28026.87,yes,NA,NA,NA,NA,NA,NA,NA,NA,NA,NA
DMP60,NA,MICROBIOME,DMP60,DMP,Mountain MD,25-Oct,dans mountain pond,39.56273,-78.95025,634,pond,Salamander,46.3,3.3,Nothopthalmus,viridescens,NA,male,NA,no,NA,no,NA,no,True Sample,43.8,,D01,2,33.6,32.73,NA,3123.39,1710.77,NA,48341.57,yes,NA,NA,NA,NA,NA,NA,NA,NA,NA,NA
SRR01,NA,MICROBIOME,SRR01,SRR,Mountain MD,22-Oct,savage river reservoir,39.52423,-79.14133,460,pond,Salamander,46.2,4.5,Nothopthalmus,viridescens,NA,female,NA,yes,10,yes,NA,no,True Sample,24.4,,E01,1,38.12,40.32,NA,17.92,8.32,NA,262.36,yes,NA,NA,NA,NA,NA,NA,NA,NA,NA,NA
SRR02,NA,MICROBIOME,SRR02,SRR,Mountain MD,22-Oct,savage river reservoir,39.52423,-79.14133,460,pond,Salamander,46,5.6,Nothopthalmus,viridescens,NA,male,NA,yes,10,yes,NA,no,True Sample,12,foamy,F01,1,40.26,41.73,NA,4.24,3.23,NA,74.73,yes,NA,NA,NA,NA,NA,NA,NA,NA,NA,NA
SRR03,NA,MICROBIOME,SRR03,SRR,Mountain MD,22-Oct,savage river reservoir,39.52423,-79.14133,460,pond,Salamander,49,4.4,Nothopthalmus,viridescens,NA,male,NA,yes,10,yes,NA,no,True Sample,21.4,,G01,1,36.66,38.16,NA,47.99,35.5,NA,834.96,yes,NA,NA,NA,NA,NA,NA,NA,NA,NA,NA
SRR04,NA,MICROBIOME,SRR04,SRR,Mountain MD,22-Oct,savage river reservoir,39.52423,-79.14133,460,pond,Salamander,43.7,3.7,Nothopthalmus,viridescens,NA,male,NA,yes,10,yes,NA,no,True Sample,40.6,,H01,1,35.87,37.17,NA,81.76,68.88,NA,1506.34,yes,NA,NA,NA,NA,NA,NA,NA,NA,NA,NA
SRR08,NA,MICROBIOME,SRR08,SRR,Mountain MD,22-Oct,savage river reservoir,39.52423,-79.14133,460,pond,Salamander,44.1,3.2,Nothopthalmus,viridescens,NA,male,NA,yes,10,yes,NA,no,True Sample,59.2,,F03,3,36.48,36.49,NA,60.29,97.82,NA,1581.09,yes,NA,NA,NA,NA,NA,NA,NA,NA,NA,NA
SRR11,NA,MICROBIOME,SRR11,SRR,Mountain MD,22-Oct,savage river reservoir,39.52423,-79.14133,460,pond,Salamander,45.4,3.7,Nothopthalmus,viridescens,NA,male,NA,no,NA,no,NA,yes,True Sample,50.4,"shed skin, back legs red, shed skin in formalin",C08,3,31.85,31.55,NA,1553.51,2447.63,NA,40011.39,yes,NA,NA,NA,NA,NA,NA,NA,NA,NA,NA
SRR12,NA,MICROBIOME,SRR12,SRR,Mountain MD,22-Oct,savage river reservoir,39.52423,-79.14133,460,pond,Salamander,42.4,4.5,Nothopthalmus,viridescens,NA,male,NA,no,NA,no,NA,yes,True Sample,61.6,,D08,3,32.77,32.47,NA,813.7,1341.37,NA,21550.76,yes,NA,NA,NA,NA,NA,NA,NA,NA,NA,NA
SRR13,NA,MICROBIOME,SRR13,SRR,Mountain MD,22-Oct,savage river reservoir,39.52423,-79.14133,460,pond,Salamander,45.2,4.5,Nothopthalmus,viridescens,NA,male,NA,no,NA,no,NA,no,True Sample,26.8,,E08,3,NA,NA,NA,NA,NA,NA,NA,no,NA,NA,NA,NA,NA,NA,NA,NA,NA,NA
SRR14,NA,MICROBIOME,SRR14,SRR,Mountain MD,22-Oct,savage river reservoir,39.52423,-79.14133,460,pond,Salamander,42.3,4.4,Nothopthalmus,viridescens,NA,male,NA,no,NA,no,NA,no,True Sample,21.2,,A01,2,36.96,35.71,NA,311.24,238.97,NA,5502.18,yes,NA,NA,NA,NA,NA,NA,NA,NA,NA,NA
SRR15,NA,MICROBIOME,SRR15,SRR,Mountain MD,22-Oct,savage river reservoir,39.52423,-79.14133,460,pond,Salamander,42.2,4.3,Nothopthalmus,viridescens,NA,male,NA,no,NA,no,NA,no,True Sample,19.9,,B01,2,NA,NA,NA,NA,NA,NA,NA,no,NA,NA,NA,NA,NA,NA,NA,NA,NA,NA
DMP23,NA,MICROBIOME,DMP23,DMP,Mountain MD,23-Oct,dans mountain pond,39.56273,-78.95025,634,forest,Salamander,61.5,4.8,Plethodon,glutinosus,NA,NA,NA,no,NA,no,NA,no,True Sample,5.68,,G05,3,NA,NA,NA,NA,NA,NA,NA,no,NA,NA,NA,NA,NA,NA,NA,NA,NA,NA
DMP25,NA,MICROBIOME,DMP25,DMP,Mountain MD,23-Oct,dans mountain pond,39.56273,-78.95025,634,forest,Salamander,39.9,1.2,Plethodon,cinereus,red,female,NA,yes,5,yes,NA,no,True Sample,12.6,,G06,3,NA,NA,NA,NA,NA,NA,NA,no,NA,NA,NA,NA,NA,NA,NA,NA,NA,NA
DMP27,NA,MICROBIOME,DMP27,DMP,Mountain MD,23-Oct,dans mountain pond,39.56273,-78.95025,634,forest,Salamander,37.3,1.3,Plethodon,cinereus,red,male,NA,yes,5,yes,NA,no,True Sample,2,,G03,1,NA,NA,NA,NA,NA,NA,NA,no,NA,NA,NA,NA,NA,NA,NA,NA,NA,NA
DMP28,NA,MICROBIOME,DMP28,DMP,Mountain MD,23-Oct,dans mountain pond,39.56273,-78.95025,634,forest,Salamander,36.5,0.9,Plethodon,cinereus,red,NA,NA,yes,5,yes,NA,no,True Sample,45.2,dirty swab.foamy,H03,1,NA,NA,NA,NA,NA,NA,NA,no,NA,NA,NA,NA,NA,NA,NA,NA,NA,NA
DMP31,NA,MICROBIOME,DMP31,DMP,Mountain MD,23-Oct,dans mountain pond,39.56273,-78.95025,634,forest,Salamander,40,1.3,Plethodon,cinereus,red,female,NA,yes,5,yes,NA,no,True Sample,41.6,,E04,3,NA,NA,NA,NA,NA,NA,NA,no,NA,NA,NA,NA,NA,NA,NA,NA,NA,NA
DMP37,NA,MICROBIOME,DMP37,DMP,Mountain MD,23-Oct,dans mountain pond,39.56273,-78.95025,634,forest,Salamander,32.9,0.7,Plethodon,cinereus,lead,NA,NA,yes,5,no/poke,NA,no,True Sample,2.42,,H02,2,NA,NA,NA,NA,NA,NA,NA,no,NA,NA,NA,NA,NA,NA,NA,NA,NA,NA
DMP38,NA,MICROBIOME,DMP38,DMP,Mountain MD,23-Oct,dans mountain pond,39.56273,-78.95025,634,forest,Salamander,38.9,1.2,Plethodon,hoffmanni,NA,male,NA,yes,5,no/poke,NA,no,True Sample,3.06,"odd morph, hoffmanni?, strange belly like hoffmani",B07,2,NA,NA,NA,NA,NA,NA,NA,no,NA,NA,NA,NA,NA,NA,NA,NA,NA,NA
DMP40,NA,MICROBIOME,DMP40,DMP,Mountain MD,23-Oct,dans mountain pond,39.56273,-78.95025,634,forest,Salamander,33.6,0.9,Plethodon,cinereus,red,NA,NA,yes,5,no/poke,NA,no,True Sample,10.6,drop tail during poke,D07,2,NA,NA,NA,NA,NA,NA,NA,no,yes,NA,NA,NA,NA,NA,NA,NA,NA,NA
DMP43,NA,MICROBIOME,DMP43,DMP,Mountain MD,23-Oct,dans mountain pond,39.56273,-78.95025,634,forest,Salamander,31.5,0.8,Plethodon,glutinosus,NA,unknown,juvenile,no,NA,no,NA,no,True Sample,9.76,,G07,2,41.04,NA,39.84,18.96,NA,10.36,293.17,yes,NA,NA,NA,NA,NA,NA,NA,NA,NA,NA
DMP44,NA,MICROBIOME,DMP44,DMP,Mountain MD,23-Oct,dans mountain pond,39.56273,-78.95025,634,forest,Salamander,30.5,0.7,Plethodon,glutinosus,NA,unknown,juvenile,no,NA,no,NA,no,True Sample,7.74,,H07,2,NA,NA,NA,NA,NA,NA,NA,no,NA,NA,NA,NA,NA,NA,NA,NA,NA,NA
DMP45,NA,MICROBIOME,DMP45,DMP,Mountain MD,23-Oct,dans mountain pond,39.56273,-78.95025,634,forest,Salamander,34.5,1.3,Plethodon,glutinosus,NA,unknown,juvenile,no,NA,no,NA,no,True Sample,0.246,,C08,2,NA,NA,NA,NA,NA,NA,NA,no,NA,NA,NA,NA,NA,NA,NA,NA,NA,NA
DMP46,NA,MICROBIOME,DMP46,DMP,Mountain MD,23-Oct,dans mountain pond,39.56273,-78.95025,634,forest,Salamander,69,9.1,Plethodon,glutinosus,NA,female,NA,no,NA,no,NA,no,True Sample,41.2,,D08,2,NA,NA,NA,NA,NA,NA,NA,no,NA,NA,NA,NA,NA,NA,NA,NA,NA,NA
SRBE01,NA,MICROBIOME,SRBE01,SRBE,Mountain MD,24-Oct,savage river bear pen,39.56075,-79.11425,470,forest,Salamander,43.5,1.1,Plethodon,hoffmanni,NA,female,NA,no,NA,no,NA,no,True Sample,23.2,,A09,3,NA,NA,NA,NA,NA,NA,NA,no,NA,NA,NA,NA,NA,NA,NA,NA,NA,NA
SRBE06,NA,MICROBIOME,SRBE06,SRBE,Mountain MD,24-Oct,savage river bear pen,39.56075,-79.11425,470,forest,Salamander,30.3,0.4,Plethodon,cinereus,red,unknown,juvenile,no,NA,no,NA,no,True Sample,23.4,,E07,3,NA,NA,NA,NA,NA,NA,NA,no,NA,NA,NA,NA,NA,NA,NA,NA,NA,NA
SRBE07,NA,MICROBIOME,SRBE07,SRBE,Mountain MD,24-Oct,savage river bear pen,39.56075,-79.11425,470,forest,Salamander,37.1,0.7,Plethodon,cinereus,red,female,NA,no,NA,no,NA,no,True Sample,7.02,,C09,3,NA,NA,NA,NA,NA,NA,NA,no,NA,NA,NA,NA,NA,NA,NA,NA,NA,NA
SRBE08,NA,MICROBIOME,SRBE08,SRBE,Mountain MD,24-Oct,savage river bear pen,39.56075,-79.11425,470,forest,Salamander,40,0.8,Plethodon,cinereus,red,female,NA,no,NA,no,NA,yes,True Sample,3.5,,D09,3,NA,NA,NA,NA,NA,NA,NA,no,NA,NA,NA,NA,NA,NA,NA,NA,NA,NA
SRBE09,NA,MICROBIOME,SRBE09,SRBE,Mountain MD,24-Oct,savage river bear pen,39.56075,-79.11425,470,forest,Salamander,40.8,1.1,Plethodon,cinereus,red,male,NA,no,NA,no,NA,yes,True Sample,21,,E09,3,NA,NA,NA,NA,NA,NA,NA,no,NA,NA,NA,NA,NA,NA,NA,NA,NA,NA
DMPBAG01,PEPTIDES,NA,DMPBAG01,control,Mountain MD,23-Oct,dans mountain pond,39.56273,-78.95025,634,NA,NA,NA,NA,NA,NA,NA,NA,NA,NA,NA,control,NA,NA,Control Sample,0.668,swabbed bag,NA,NA,NA,NA,NA,NA,NA,NA,NA,NA,NA,77.16,20.75,NOV_23,NA,NA,NA,NA,48.96,Y
DMP19,PEPTIDES,MICROBIOME,DMP19,DMP,Mountain MD,23-Oct,dans mountain pond,39.56273,-78.95025,634,stream,Salamander,41.9,1.5,Eurycea,bislineata,NA,NA,NA,yes,5,yes,NA,no,True Sample,14.1,foamy before swab,B02,3,NA,NA,NA,NA,NA,NA,NA,no,yes,NA,NA,NOV_23,NA,NA,2446.82,JAN_27_22,2446.82,Y
DMP20,PEPTIDES,MICROBIOME,DMP20,DMP,Mountain MD,23-Oct,dans mountain pond,39.56273,-78.95025,634,stream,Salamander,42.4,1.8,Eurycea,bislineata,NA,NA,NA,yes,5,yes,NA,no,True Sample,3.08,50x,C02,3,NA,NA,NA,NA,NA,NA,NA,no,yes,NA,982.74,NOV_23,NA,985.25,591.33,JAN_27_22,853.11,Y
DMP21,PEPTIDES,MICROBIOME,DMP21,DMP,Mountain MD,23-Oct,dans mountain pond,39.56273,-78.95025,634,stream,Salamander,42.7,1.5,Eurycea,bislineata,NA,NA,NA,yes,5,yes,NA,no,True Sample,2.28,foamy before swab,E05,3,NA,NA,NA,NA,NA,NA,NA,no,yes,NA,NA,NOV_23,NA,NA,2283.64,JAN_27_22,2283.64,Y
SRBR14,PEPTIDES,MICROBIOME,SRBR14,SRBR,Mountain MD,24-Oct,savage river big run,39.55843,-79.15185,498,stream,Salamander,38.2,1,Eurycea,bislineata,NA,male,NA,yes,5,yes,NA,no,True Sample,1.55,,H01,3,NA,NA,NA,NA,NA,NA,NA,no,yes,NA,729.87,NOV_23,NA,835.42,690.82,JAN_27_22,752.04,Y
DMP52,PEPTIDES,MICROBIOME,DMP52,DMP,Mountain MD,25-Oct,dans mountain pond,39.56273,-78.95025,634,pond,Salamander,47.1,4.2,Nothopthalmus,viridescens,NA,male,NA,yes,10,yes,NA,no,True Sample,53.8,,A07,3,34.83,34.53,NA,191.76,352.46,NA,5442.24,yes,yes,297.27,250.55,NOV_23,NA,NA,NA,NA,273.91,Y
SRR10,PEPTIDES,MICROBIOME,SRR10,SRR,Mountain MD,22-Oct,savage river reservoir,39.52423,-79.14133,460,pond,Salamander,47,3.6,Nothopthalmus,viridescens,NA,male,NA,yes,10,yes,NA,no,True Sample,36.8,shed skin,B08,3,NA,41.84,41.61,NA,3,3.19,61.98,yes,yes,280.86,294.04,NOV_23,NA,NA,NA,NA,287.45,Y
DMP33,PEPTIDES,MICROBIOME,DMP33,DMP,Mountain MD,23-Oct,dans mountain pond,39.56273,-78.95025,634,forest,Salamander,35.2,0.9,Plethodon,cinereus,red,NA,NA,yes,5,yes,NA,no,True Sample,5.58,,C06,3,NA,NA,NA,NA,NA,NA,NA,no,yes,NA,695.28,NOV_23,NA,1238.99,335.83,JAN_27_22,756.7,Y